period,Close,year,month,mspr,day
2018-11-23,41.341453552246094,,,,
2018-11-26,41.90054321289063,,,,
2018-11-27,41.80936050415039,,,,
2018-11-28,43.41704177856445,,,,
2018-11-29,43.08351516723633,,,,
2018-11-30,42.85076904296875,2018.0,11.0,-26.620543,1.0
2018-12-03,44.34806060791016,,,,
2018-12-04,42.39724349975586,,,,
2018-12-06,41.92454147338867,,,,
2018-12-07,40.42962265014648,,,,
2018-12-10,40.69598388671875,,,,
2018-12-11,40.46323013305664,,,,
2018-12-12,40.57601165771485,,,,
2018-12-13,41.01992416381836,,,,
2018-12-14,39.70737075805664,,,,
2018-12-17,39.337852478027344,,,,
2018-12-18,39.84894943237305,,,,
2018-12-19,38.60599899291992,,,,
2018-12-20,37.63178634643555,,,,
2018-12-21,36.168067932128906,,,,
2018-12-24,35.23225021362305,,,,
2018-12-26,37.71336364746094,,,,
2018-12-27,37.46860885620117,,,,
2018-12-28,37.4878158569336,,,,
2018-12-31,37.85014724731445,,,,
2019-01-02,37.89333724975586,,,,
2019-01-03,34.11888122558594,,,,
2019-01-04,35.575401306152344,,,,
2019-01-07,35.49620056152344,,,,
2019-01-08,36.17286682128906,,,,
2019-01-09,36.78715133666992,,,,
2019-01-10,36.904727935791016,,,,
2019-01-11,36.54240036010742,,,,
2019-01-14,35.9929084777832,,,,
2019-01-15,36.72956085205078,,,,
2019-01-16,37.17827224731445,,,,
2019-01-17,37.39902877807617,,,,
2019-01-18,37.62939453125,,,,
2019-01-22,36.78474807739258,,,,
2019-01-23,36.93352508544922,,,,
2019-01-24,36.64077758789063,,,,
2019-01-25,37.85493850708008,,,,
2019-01-28,37.50460815429688,,,,
2019-01-29,37.11587524414063,,,,
2019-01-30,39.652191162109375,,,,
2019-01-31,39.9377326965332,2019.0,1.0,0.0,1.0
2019-02-01,39.95692443847656,,,,
2019-02-04,41.09190368652344,,,,
2019-02-05,41.79496383666992,,,,
2019-02-06,41.80936050415039,,,,
2019-02-07,41.01751327514648,,,,
2019-02-08,41.065711975097656,,,,
2019-02-11,40.82955551147461,,,,
2019-02-12,41.18138885498047,,,,
2019-02-13,41.010292053222656,,,,
2019-02-14,41.15970230102539,,,,
2019-02-15,41.06812286376953,,,,
2019-02-19,41.19101333618164,,,,
2019-02-20,41.45610809326172,,,,
2019-02-21,41.22234344482422,,,,
2019-02-22,41.6826286315918,,,,
2019-02-25,41.98625946044922,,,,
2019-02-26,42.0103645324707,,,,
2019-02-27,42.14049530029297,,,,
2019-02-28,41.72599792480469,2019.0,2.0,64.46225,1.0
2019-03-01,42.16459274291992,,,,
2019-03-04,42.37665557861328,,,,
2019-03-05,42.29954528808594,,,,
2019-03-06,42.05615615844727,,,,
2019-03-07,41.56937026977539,,,,
2019-03-08,41.66816711425781,,,,
2019-03-11,43.11164093017578,,,,
2019-03-12,43.59602355957031,,,,
2019-03-13,43.7888069152832,,,,
2019-03-14,44.27558517456055,,,,
2019-03-15,44.85153579711914,,,,
2019-03-18,45.30941009521485,,,,
2019-03-19,44.950340270996094,,,,
2019-03-20,45.34313583374024,,,,
2019-03-21,47.01314163208008,,,,
2019-03-22,46.0395736694336,,,,
2019-03-25,45.4829216003418,,,,
2019-03-26,45.012996673583984,,,,
2019-03-27,45.41785430908203,,,,
2019-03-28,45.47809219360352,,,,
2019-03-29,45.77448272705078,,,,
2019-04-01,46.08536529541016,,,,
2019-04-02,46.75529098510742,,,,
2019-04-03,47.075801849365234,,,,
2019-04-04,47.1577377319336,,,,
2019-04-05,47.47341537475586,,,,
2019-04-08,48.22046661376953,,,,
2019-04-09,48.07586669921875,,,,
2019-04-10,48.34577560424805,,,,
2019-04-11,47.943336486816406,,,,
2019-04-12,47.92405700683594,,,,
2019-04-15,48.01079559326172,,,,
2019-04-16,48.01562881469727,,,,
2019-04-17,48.95063781738281,,,,
2019-04-18,49.12655258178711,,,,
2019-04-22,49.28800201416016,,,,
2019-04-23,49.9989013671875,,,,
2019-04-24,49.92178726196289,,,,
2019-04-25,49.46875381469727,,,,
2019-04-26,49.23258972167969,,,,
2019-04-29,49.30730056762695,,,,
2019-04-30,48.35782241821289,2019.0,4.0,-25.76394,1.0
2019-05-01,50.73150253295898,,,,
2019-05-02,50.401344299316406,,,,
2019-05-03,51.02791213989258,,,,
2019-05-06,50.239891052246094,,,,
2019-05-07,48.88556671142578,,,,
2019-05-08,48.89521026611328,,,,
2019-05-09,48.369876861572266,,,,
2019-05-10,47.69977951049805,,,,
2019-05-13,44.9275016784668,,,,
2019-05-14,45.63871383666992,,,,
2019-05-15,46.18543243408203,,,,
2019-05-16,45.98223114013672,,,,
2019-05-17,45.72095489501953,,,,
2019-05-20,44.2912712097168,,,,
2019-05-21,45.140380859375,,,,
2019-05-22,44.216285705566406,,,,
2019-05-23,43.461524963378906,,,,
2019-05-24,43.29460906982422,,,,
2019-05-28,43.11559295654297,,,,
2019-05-29,42.90997314453125,,,,
2019-05-30,43.13252258300781,,,,
2019-05-31,42.35116195678711,2019.0,5.0,-56.632446,1.0
2019-06-03,41.9229736328125,,,,
2019-06-04,43.4566764831543,,,,
2019-06-05,44.15822219848633,,,,
2019-06-06,44.80654144287109,,,,
2019-06-07,45.9991569519043,,,,
2019-06-10,46.58700180053711,,,,
2019-06-11,47.12645721435547,,,,
2019-06-12,46.97647476196289,,,,
2019-06-13,46.96680450439453,,,,
2019-06-14,46.62570571899414,,,,
2019-06-17,46.903907775878906,,,,
2019-06-18,48.00700378417969,,,,
2019-06-19,47.86669921875,,,,
2019-06-20,48.25135040283203,,,,
2019-06-21,48.08684539794922,,,,
2019-06-24,48.0384635925293,,,,
2019-06-25,47.310306549072266,,,,
2019-06-26,48.33359146118164,,,,
2019-06-27,48.319068908691406,,,,
2019-06-28,47.87879180908203,,,,
2019-07-01,48.75693130493164,,,,
2019-07-02,49.04238510131836,,,,
2019-07-03,49.44879913330078,,,,
2019-07-05,49.405250549316406,,,,
2019-07-08,48.38679885864258,,,,
2019-07-09,48.68193817138672,,,,
2019-07-10,49.163333892822266,,,,
2019-07-11,48.8053092956543,,,,
2019-07-12,49.180274963378906,,,,
2019-07-15,49.6423225402832,,,,
2019-07-16,49.47055816650391,,,,
2019-07-17,49.19236373901367,,,,
2019-07-18,49.75118255615234,,,,
2019-07-19,49.00851440429688,,,,
2019-07-22,50.128562927246094,,,,
2019-07-23,50.520450592041016,,,,
2019-07-24,50.47932434082031,,,,
2019-07-25,50.080177307128906,,,,
2019-07-26,50.25434875488281,,,,
2019-07-29,50.7236557006836,,,,
2019-07-30,50.50593566894531,,,,
2019-07-31,51.53647613525391,,,,
2019-08-01,50.421268463134766,,,,
2019-08-02,49.35444259643555,,,,
2019-08-05,46.77085113525391,,,,
2019-08-06,47.6562385559082,,,,
2019-08-07,48.14973831176758,,,,
2019-08-08,49.211727142333984,,,,
2019-08-09,48.80620193481445,,,,
2019-08-12,48.68235397338867,,,,
2019-08-13,50.74397277832031,,,,
2019-08-14,49.23357391357422,,,,
2019-08-15,48.98831558227539,,,,
2019-08-16,50.144187927246094,,,,
2019-08-19,51.079078674316406,,,,
2019-08-20,51.08151245117188,,,,
2019-08-21,51.63515090942383,,,,
2019-08-22,51.59144592285156,,,,
2019-08-23,49.20685958862305,,,,
2019-08-26,50.14175033569336,,,,
2019-08-27,49.57596206665039,,,,
2019-08-28,49.90864562988281,,,,
2019-08-29,50.753684997558594,,,,
2019-08-30,50.6881103515625,,,,
2019-09-03,49.94992065429688,,,,
2019-09-04,50.797401428222656,,,,
2019-09-05,51.790557861328125,,,,
2019-09-06,51.78570556640625,,,,
2019-09-09,52.006683349609375,,,,
2019-09-10,52.62103271484375,,,,
2019-09-11,54.29412460327149,,,,
2019-09-12,54.17271041870117,,,,
2019-09-13,53.11883544921875,,,,
2019-09-16,53.39808654785156,,,,
2019-09-17,53.59235000610352,,,,
2019-09-18,54.09500503540039,,,,
2019-09-19,53.655494689941406,,,,
2019-09-20,52.87114715576172,,,,
2019-09-23,53.11155700683594,,,,
2019-09-24,52.859004974365234,,,,
2019-09-25,53.6724853515625,,,,
2019-09-26,53.39566040039063,,,,
2019-09-27,53.135841369628906,,,,
2019-09-30,54.38641357421875,2019.0,9.0,100.0,1.0
2019-10-01,54.536956787109375,,,,
2019-10-02,53.16983795166016,,,,
2019-10-03,53.62149429321289,,,,
2019-10-04,55.124603271484375,,,,
2019-10-07,55.13674545288086,,,,
2019-10-08,54.49081802368164,,,,
2019-10-09,55.12946319580078,,,,
2019-10-10,55.872520446777344,,,,
2019-10-11,57.35863876342773,,,,
2019-10-14,57.27607345581055,,,,
2019-10-15,57.14251327514648,,,,
2019-10-16,56.91181945800781,,,,
2019-10-17,57.132808685302734,,,,
2019-10-18,57.40719985961914,,,,
2019-10-21,58.40280151367188,,,,
2019-10-22,58.26923370361328,,,,
2019-10-23,59.05114364624024,,,,
2019-10-24,59.14828109741211,,,,
2019-10-25,59.87677001953125,,,,
2019-10-28,60.47654724121094,,,,
2019-10-29,59.07786560058594,,,,
2019-10-30,59.070579528808594,,,,
2019-10-31,60.4061393737793,2019.0,10.0,-33.35919,1.0
2019-11-01,62.12050628662109,,,,
2019-11-04,62.5284538269043,,,,
2019-11-05,62.43861770629883,,,,
2019-11-06,62.46532440185547,,,,
2019-11-07,63.18624114990234,,,,
2019-11-08,63.35919570922852,,,,
2019-11-11,63.86091232299805,,,,
2019-11-12,63.802467346191406,,,,
2019-11-13,64.4137954711914,,,,
2019-11-14,63.96808624267578,,,,
2019-11-15,64.72798156738281,,,,
2019-11-18,65.05433654785156,,,,
2019-11-19,64.85704803466797,,,,
2019-11-20,64.10204315185547,,,,
2019-11-21,63.81463623046875,,,,
2019-11-22,63.75863265991211,,,,
2019-11-25,64.87654876708984,,,,
2019-11-26,64.36994934082031,,,,
2019-11-27,65.23458862304688,,,,
2019-11-29,65.09087371826172,,,,
2019-12-02,64.33829498291016,,,,
2019-12-03,63.19112014770508,,,,
2019-12-04,63.74888610839844,,,,
2019-12-05,64.68414306640625,,,,
2019-12-06,65.93360137939453,,,,
2019-12-09,65.01050567626953,,,,
2019-12-10,65.39046478271484,,,,
2019-12-11,65.94820404052734,,,,
2019-12-12,66.11624145507812,,,,
2019-12-13,67.01497650146484,,,,
2019-12-16,68.16212463378906,,,,
2019-12-17,68.29610443115234,,,,
2019-12-18,68.13292694091797,,,,
2019-12-19,68.20111083984375,,,,
2019-12-20,68.05985260009766,,,,
2019-12-23,69.17047119140625,,,,
2019-12-24,69.2362289428711,,,,
2019-12-26,70.60990142822266,,,,
2019-12-27,70.58309936523438,,,,
2019-12-30,71.00203704833984,,,,
2019-12-31,71.52082824707031,2019.0,12.0,-100.0,1.0
2020-01-02,73.15264892578125,,,,
2020-01-03,72.44145202636719,,,,
2020-01-06,73.01869201660156,,,,
2020-01-07,72.67526245117188,,,,
2020-01-08,73.8443603515625,,,,
2020-01-09,75.41287994384766,,,,
2020-01-10,75.5833511352539,,,,
2020-01-13,77.19815063476562,,,,
2020-01-14,76.15571594238281,,,,
2020-01-15,75.829345703125,,,,
2020-01-16,76.77922821044922,,,,
2020-01-17,77.62925720214844,,,,
2020-01-21,77.1031723022461,,,,
2020-01-22,77.37838745117188,,,,
2020-01-23,77.75102996826172,,,,
2020-01-24,77.5269546508789,,,,
2020-01-27,75.24723815917969,,,,
2020-01-28,77.37593841552734,,,,
2020-01-29,78.99561309814453,,,,
2020-01-30,78.88111877441406,,,,
2020-01-31,75.38363647460938,2020.0,1.0,0.0,1.0
2020-02-03,75.17662811279297,,,,
2020-02-04,77.6584701538086,,,,
2020-02-05,78.29170989990234,,,,
2020-02-06,79.20750427246094,,,,
2020-02-07,78.13085174560547,,,,
2020-02-10,78.50193786621094,,,,
2020-02-11,78.02830505371094,,,,
2020-02-12,79.88131713867188,,,,
2020-02-13,79.31249237060547,,,,
2020-02-14,79.33199310302734,,,,
2020-02-18,77.87940979003906,,,,
2020-02-19,79.0073013305664,,,,
2020-02-20,78.19676971435547,,,,
2020-02-21,76.42678833007812,,,,
2020-02-24,72.79647064208984,,,,
2020-02-25,70.33070373535156,,,,
2020-02-26,71.4464111328125,,,,
2020-02-27,66.77608489990234,,,,
2020-02-28,66.73702239990234,,,,
2020-03-02,72.95028686523438,,,,
2020-03-03,70.6334457397461,,,,
2020-03-04,73.90974426269531,,,,
2020-03-05,71.51234436035156,,,,
2020-03-06,70.56262969970703,,,,
2020-03-09,64.98169708251953,,,,
2020-03-10,69.66178131103516,,,,
2020-03-11,67.24237823486328,,,,
2020-03-12,60.60189056396485,,,,
2020-03-13,67.86249542236328,,,,
2020-03-16,59.13219451904297,,,,
2020-03-17,61.73224258422852,,,,
2020-03-18,60.22104263305664,,,,
2020-03-19,59.75962066650391,,,,
2020-03-20,55.96574783325195,,,,
2020-03-23,54.77680206298828,,,,
2020-03-24,60.27230072021485,,,,
2020-03-25,59.940277099609375,,,,
2020-03-26,63.09452819824219,,,,
2020-03-27,60.48226165771485,,,,
2020-03-30,62.20830535888672,,,,
2020-03-31,62.08134841918945,,,,
2020-04-01,58.81481170654297,,,,
2020-04-02,59.79624176025391,,,,
2020-04-03,58.93688583374024,,,,
2020-04-06,64.07839965820312,,,,
2020-04-07,63.336212158203125,,,,
2020-04-08,64.95728302001953,,,,
2020-04-09,65.42601013183594,,,,
2020-04-13,66.7101821899414,,,,
2020-04-14,70.07923889160156,,,,
2020-04-15,69.43960571289062,,,,
2020-04-16,69.99136352539062,,,,
2020-04-17,69.04167175292969,,,,
2020-04-20,67.60859680175781,,,,
2020-04-21,65.51878356933594,,,,
2020-04-22,67.40597534179688,,,,
2020-04-23,67.14474487304688,,,,
2020-04-24,69.08317565917969,,,,
2020-04-27,69.13201904296875,,,,
2020-04-28,68.01142120361328,,,,
2020-04-29,70.24526977539062,,,,
2020-04-30,71.72716522216797,2020.0,4.0,-31.864456,1.0
2020-05-01,70.57240295410156,,,,
2020-05-04,71.5709228515625,,,,
2020-05-05,72.64511108398438,,,,
2020-05-06,73.39462280273438,,,,
2020-05-07,74.15386199951172,,,,
2020-05-08,75.91887664794922,,,,
2020-05-11,77.11349487304688,,,,
2020-05-12,76.23219299316406,,,,
2020-05-13,75.311767578125,,,,
2020-05-14,75.7744369506836,,,,
2020-05-15,75.32645416259766,,,,
2020-05-18,77.10123443603516,,,,
2020-05-19,76.65570831298828,,,,
2020-05-20,78.14653015136719,,,,
2020-05-21,77.56389617919922,,,,
2020-05-22,78.06330108642578,,,,
2020-05-26,77.5345230102539,,,,
2020-05-27,77.8723373413086,,,,
2020-05-28,77.90662384033203,,,,
2020-05-29,77.83073425292969,,,,
2020-06-01,78.78788757324219,,,,
2020-06-02,79.15264129638672,,,,
2020-06-03,79.58837890625,,,,
2020-06-04,78.90294647216797,,,,
2020-06-05,81.15018463134766,,,,
2020-06-08,81.62998962402344,,,,
2020-06-09,84.20767974853516,,,,
2020-06-10,86.37413787841797,,,,
2020-06-11,82.2272720336914,,,,
2020-06-12,82.93719482421875,,,,
2020-06-15,83.96289825439453,,,,
2020-06-16,86.18809509277344,,,,
2020-06-17,86.06814575195312,,,,
2020-06-18,86.1024169921875,,,,
2020-06-19,85.6103744506836,,,,
2020-06-22,87.85028076171875,,,,
2020-06-23,89.72542572021484,,,,
2020-06-24,88.1415786743164,,,,
2020-06-25,89.31169891357422,,,,
2020-06-26,86.56752014160156,,,,
2020-06-29,88.56262969970703,,,,
2020-06-30,89.30191802978516,,,,
2020-07-01,89.13301086425781,,,,
2020-07-02,89.13301086425781,,,,
2020-07-06,91.517333984375,,,,
2020-07-07,91.23336029052734,,,,
2020-07-08,93.35819244384766,,,,
2020-07-09,93.75967407226562,,,,
2020-07-10,93.9236831665039,,,,
2020-07-13,93.49040985107422,,,,
2020-07-14,95.03751373291016,,,,
2020-07-15,95.6911163330078,,,,
2020-07-16,94.5136489868164,,,,
2020-07-17,94.32268524169922,,,,
2020-07-20,96.31046295166016,,,,
2020-07-21,94.981201171875,,,,
2020-07-22,95.24803161621094,,,,
2020-07-23,90.91268920898438,,,,
2020-07-24,90.6874542236328,,,,
2020-07-27,92.83679962158205,,,,
2020-07-28,91.31170654296876,,,,
2020-07-29,93.0619888305664,,,,
2020-07-30,94.18805694580078,,,,
2020-07-31,104.04847717285156,,,,
2020-08-03,106.6702651977539,,,,
2020-08-04,107.38262176513672,,,,
2020-08-05,107.7718505859375,,,,
2020-08-06,111.53191375732422,,,,
2020-08-07,108.99614715576172,,,,
2020-08-10,110.58039093017578,,,,
2020-08-11,107.29175567626952,,,,
2020-08-12,110.85751342773438,,,,
2020-08-13,112.81941986083984,,,,
2020-08-14,112.7188720703125,,,,
2020-08-17,112.42457580566406,,,,
2020-08-18,113.36140441894533,,,,
2020-08-19,113.50363159179688,,,,
2020-08-20,116.02223205566406,,,,
2020-08-21,122.00114440917967,,,,
2020-08-24,123.4603042602539,,,,
2020-08-25,122.4474868774414,,,,
2020-08-26,124.1126480102539,,,,
2020-08-27,122.62895965576172,,,,
2020-08-28,122.4303207397461,,,,
2020-08-31,126.58216857910156,2020.0,8.0,-33.755836,1.0
2020-09-01,131.624267578125,,,,
2020-09-02,128.89723205566406,,,,
2020-09-03,118.5776138305664,,,,
2020-09-04,118.65608215332033,,,,
2020-09-08,110.67113494873048,,,,
2020-09-09,115.08544158935548,,,,
2020-09-10,111.32837677001952,,,,
2020-09-11,109.86675262451172,,,,
2020-09-14,113.16275024414062,,,,
2020-09-15,113.3393325805664,,,,
2020-09-16,109.99427032470705,,,,
2020-09-17,108.23836517333984,,,,
2020-09-18,104.8050308227539,,,,
2020-09-21,107.98332214355467,,,,
2020-09-22,109.68038177490234,,,,
2020-09-23,105.07969665527344,,,,
2020-09-24,106.15874481201172,,,,
2020-09-25,110.14142608642578,,,,
2020-09-28,112.7703857421875,,,,
2020-09-29,111.91693115234376,,,,
2020-09-30,113.60418701171876,2020.0,9.0,100.0,1.0
2020-10-01,114.56550598144533,,,,
2020-10-02,110.86732482910156,,,,
2020-10-05,114.28104400634766,,,,
2020-10-06,111.0046615600586,,,,
2020-10-07,112.88809204101562,,,,
2020-10-08,112.78019714355467,,,,
2020-10-09,114.7420883178711,,,,
2020-10-12,122.0305633544922,,,,
2020-10-13,118.7934341430664,,,,
2020-10-14,118.8817138671875,,,,
2020-10-15,118.4108657836914,,,,
2020-10-16,116.75304412841795,,,,
2020-10-19,113.77095794677734,,,,
2020-10-20,115.27181243896484,,,,
2020-10-21,114.64400482177734,,,,
2020-10-22,113.54534149169922,,,,
2020-10-23,112.8488540649414,,,,
2020-10-26,112.8586654663086,,,,
2020-10-27,114.3791275024414,,,,
2020-10-28,109.08197784423828,,,,
2020-10-29,113.12351989746094,,,,
2020-10-30,106.78653717041016,,,,
2020-11-02,106.69825744628906,,,,
2020-11-03,108.33647918701172,,,,
2020-11-04,112.76057434082033,,,,
2020-11-05,116.76284790039062,,,,
2020-11-06,116.63019561767578,,,,
2020-11-09,114.30132293701172,,,,
2020-11-10,113.9574203491211,,,,
2020-11-11,117.4163055419922,,,,
2020-11-12,117.14116668701172,,,,
2020-11-13,117.19029998779295,,,,
2020-11-16,118.21227264404295,,,,
2020-11-17,117.31805419921876,,,,
2020-11-18,115.98165130615234,,,,
2020-11-19,116.58106231689452,,,,
2020-11-20,115.30361938476562,,,,
2020-11-23,111.87419128417967,,,,
2020-11-24,113.1712875366211,,,,
2020-11-25,114.01636505126952,,,,
2020-11-27,114.56663513183594,,,,
2020-11-30,116.98395538330078,2020.0,11.0,-29.248419,1.0
2020-12-01,120.59026336669922,,,,
2020-12-02,120.94400787353516,,,,
2020-12-03,120.8064422607422,,,,
2020-12-04,120.12841796875,,,,
2020-12-07,121.60238647460938,,,,
2020-12-08,122.2214584350586,,,,
2020-12-09,119.66658020019533,,,,
2020-12-10,121.1012191772461,,,,
2020-12-11,120.28562927246094,,,,
2020-12-14,119.66658020019533,,,,
2020-12-15,125.66072082519533,,,,
2020-12-16,125.59192657470705,,,,
2020-12-17,126.46649932861328,,,,
2020-12-18,124.46187591552734,,,,
2020-12-21,126.00463104248048,,,,
2020-12-22,129.59130859375,,,,
2020-12-23,128.68728637695312,,,,
2020-12-24,129.67974853515625,,,,
2020-12-28,134.3178253173828,,,,
2020-12-29,132.52943420410156,,,,
2020-12-30,131.39935302734375,,,,
2020-12-31,130.3872528076172,2020.0,12.0,-100.0,1.0
2021-01-04,127.16415405273438,,,,
2021-01-05,128.7363739013672,,,,
2021-01-06,124.40291595458984,,,,
2021-01-07,128.64796447753906,,,,
2021-01-08,129.75836181640625,,,,
2021-01-11,126.74159240722656,,,,
2021-01-12,126.56473541259766,,,,
2021-01-13,128.6184539794922,,,,
2021-01-14,126.6728515625,,,,
2021-01-15,124.93354034423828,,,,
2021-01-19,125.61157989501952,,,,
2021-01-20,129.7386932373047,,,,
2021-01-21,134.4946746826172,,,,
2021-01-22,136.65652465820312,,,,
2021-01-25,140.439697265625,,,,
2021-01-26,140.67555236816406,,,,
2021-01-27,139.59461975097656,,,,
2021-01-28,134.7108612060547,,,,
2021-01-29,129.66993713378906,,,,
2021-02-01,131.81210327148438,,,,
2021-02-02,132.64730834960938,,,,
2021-02-03,131.6155548095703,,,,
2021-02-04,135.0056610107422,,,,
2021-02-05,134.58741760253906,,,,
2021-02-08,134.7350311279297,,,,
2021-02-09,133.8493194580078,,,,
2021-02-10,133.23916625976562,,,,
2021-02-11,132.9833221435547,,,,
2021-02-12,133.21949768066406,,,,
2021-02-16,131.0740966796875,,,,
2021-02-17,128.76148986816406,,,,
2021-02-18,127.64942169189452,,,,
2021-02-19,127.80690002441406,,,,
2021-02-22,123.99834442138672,,,,
2021-02-23,123.8605728149414,,,,
2021-02-24,123.35868072509766,,,,
2021-02-25,119.06794738769533,,,,
2021-02-26,119.3336410522461,,,,
2021-03-01,125.7599105834961,,,,
2021-03-02,123.13233947753906,,,,
2021-03-03,120.12093353271484,,,,
2021-03-04,118.22159576416016,,,,
2021-03-05,119.4911117553711,,,,
2021-03-08,114.5114974975586,,,,
2021-03-09,119.1663589477539,,,,
2021-03-10,118.07398986816406,,,,
2021-03-11,120.02252960205078,,,,
2021-03-12,119.10729217529295,,,,
2021-03-15,122.0202865600586,,,,
2021-03-16,123.5751953125,,,,
2021-03-17,122.7780532836914,,,,
2021-03-18,118.61524200439452,,,,
2021-03-19,118.08380889892578,,,,
2021-03-22,121.4298095703125,,,,
2021-03-23,120.59332275390624,,,,
2021-03-24,118.18223571777344,,,,
2021-03-25,118.67430877685548,,,,
2021-03-26,119.2844467163086,,,,
2021-03-29,119.46158599853516,,,,
2021-03-30,117.9952621459961,,,,
2021-03-31,120.20950317382812,,,,
2021-04-01,121.0459976196289,,,,
2021-04-05,123.89993286132812,,,,
2021-04-06,124.20500946044922,,,,
2021-04-07,125.8681640625,,,,
2021-04-08,128.28909301757812,,,,
2021-04-09,130.8871612548828,,,,
2021-04-12,129.15513610839844,,,,
2021-04-13,132.29443359375,,,,
2021-04-14,129.9325714111328,,,,
2021-04-15,132.3633575439453,,,,
2021-04-16,132.0287322998047,,,,
2021-04-19,132.6979217529297,,,,
2021-04-20,130.99537658691406,,,,
2021-04-21,131.3792266845703,,,,
2021-04-22,129.843994140625,,,,
2021-04-23,132.18617248535156,,,,
2021-04-26,132.57981872558594,,,,
2021-04-27,132.2550811767578,,,,
2021-04-28,131.45791625976562,,,,
2021-04-29,131.35951232910156,,,,
2021-04-30,129.37159729003906,2021.0,4.0,-27.180288,1.0
2021-05-03,130.4344482421875,,,,
2021-05-04,125.81896209716795,,,,
2021-05-05,126.06499481201172,,,,
2021-05-06,127.678955078125,,,,
2021-05-07,128.35911560058594,,,,
2021-05-10,125.04688262939452,,,,
2021-05-11,124.1202621459961,,,,
2021-05-12,121.0248794555664,,,,
2021-05-13,123.1936264038086,,,,
2021-05-14,125.63836669921876,,,,
2021-05-17,124.47512817382812,,,,
2021-05-18,123.0753173828125,,,,
2021-05-19,122.91761779785156,,,,
2021-05-20,125.50035095214844,,,,
2021-05-21,123.64706420898438,,,,
2021-05-24,125.29332733154295,,,,
2021-05-25,125.09617614746094,,,,
2021-05-26,125.04688262939452,,,,
2021-05-27,123.49921417236328,,,,
2021-05-28,122.83873748779295,,,,
2021-06-01,122.51342010498048,,,,
2021-06-02,123.28231811523438,,,,
2021-06-03,121.783935546875,,,,
2021-06-04,124.10054779052734,,,,
2021-06-07,124.1103973388672,,,,
2021-06-08,124.93844604492188,,,,
2021-06-09,125.3228988647461,,,,
2021-06-10,124.31742095947266,,,,
2021-06-11,125.53980255126952,,,,
2021-06-14,128.62530517578125,,,,
2021-06-15,127.79725646972656,,,,
2021-06-16,128.29998779296875,,,,
2021-06-17,129.91665649414062,,,,
2021-06-18,128.6055908203125,,,,
2021-06-21,130.41943359375,,,,
2021-06-22,132.0755157470703,,,,
2021-06-23,131.79954528808594,,,,
2021-06-24,131.51365661621094,,,,
2021-06-25,131.21791076660156,,,,
2021-06-28,132.86416625976562,,,,
2021-06-29,134.39215087890625,,,,
2021-06-30,135.01316833496094,,,,
2021-07-01,135.31878662109375,,,,
2021-07-02,137.97056579589844,,,,
2021-07-06,140.00125122070312,,,,
2021-07-07,142.51499938964844,,,,
2021-07-08,141.2039337158203,,,,
2021-07-09,143.04733276367188,,,,
2021-07-12,142.44598388671875,,,,
2021-07-13,143.56979370117188,,,,
2021-07-14,147.02989196777344,,,,
2021-07-15,146.3694305419922,,,,
2021-07-16,144.3091583251953,,,,
2021-07-19,140.42514038085938,,,,
2021-07-20,144.0725555419922,,,,
2021-07-21,143.33322143554688,,,,
2021-07-22,144.7133331298828,,,,
2021-07-23,146.4482879638672,,,,
2021-07-26,146.87220764160156,,,,
2021-07-27,144.68373107910156,,,,
2021-07-28,142.919189453125,,,,
2021-07-29,143.56979370117188,,,,
2021-07-30,143.78668212890625,,,,
2021-08-02,143.4514923095703,,,,
2021-08-03,145.26535034179688,,,,
2021-08-04,144.8611602783203,,,,
2021-08-05,144.96961975097656,,,,
2021-08-06,144.27853393554688,,,,
2021-08-09,144.2291717529297,,,,
2021-08-10,143.7454071044922,,,,
2021-08-11,144.00209045410156,,,,
2021-08-12,146.9935302734375,,,,
2021-08-13,147.2008514404297,,,,
2021-08-16,149.19508361816406,,,,
2021-08-17,148.27694702148438,,,,
2021-08-18,144.4957275390625,,,,
2021-08-19,144.8314208984375,,,,
2021-08-20,146.30239868164062,,,,
2021-08-23,147.80307006835938,,,,
2021-08-24,147.71421813964844,,,,
2021-08-25,146.47023010253906,,,,
2021-08-26,145.6606903076172,,,,
2021-08-27,146.7071990966797,,,,
2021-08-30,151.16964721679688,,,,
2021-08-31,149.8960723876953,2021.0,8.0,-33.712353,1.0
2021-09-01,150.56739807128906,,,,
2021-09-02,151.69288635253906,,,,
2021-09-03,152.3345947265625,,,,
2021-09-07,154.6941680908203,,,,
2021-09-08,153.13426208496094,,,,
2021-09-09,152.10752868652344,,,,
2021-09-10,147.07249450683594,,,,
2021-09-13,147.64511108398438,,,,
2021-09-14,146.2333221435547,,,,
2021-09-15,147.13174438476562,,,,
2021-09-16,146.89479064941406,,,,
2021-09-17,144.19956970214844,,,,
2021-09-20,141.1193084716797,,,,
2021-09-21,141.60305786132812,,,,
2021-09-22,143.9922332763672,,,,
2021-09-23,144.9597625732422,,,,
2021-09-24,145.04859924316406,,,,
2021-09-27,143.51832580566406,,,,
2021-09-28,140.1024169921875,,,,
2021-09-29,141.01068115234375,,,,
2021-09-30,139.69764709472656,2021.0,9.0,100.0,1.0
2021-10-01,140.8329620361328,,,,
2021-10-04,137.36769104003906,,,,
2021-10-05,139.31263732910156,,,,
2021-10-06,140.19125366210938,,,,
2021-10-07,141.46482849121094,,,,
2021-10-08,141.07980346679688,,,,
2021-10-11,140.99095153808594,,,,
2021-10-12,139.70751953125,,,,
2021-10-13,139.11517333984375,,,,
2021-10-14,141.92886352539062,,,,
2021-10-15,142.99508666992188,,,,
2021-10-18,144.6833038330078,,,,
2021-10-19,146.8651580810547,,,,
2021-10-20,147.35879516601562,,,,
2021-10-21,147.5760040283203,,,,
2021-10-22,146.79605102539062,,,,
2021-10-25,146.74667358398438,,,,
2021-10-26,147.4180450439453,,,,
2021-10-27,146.9540252685547,,,,
2021-10-28,150.62664794921875,,,,
2021-10-29,147.89190673828125,,,,
2021-11-01,147.0626220703125,,,,
2021-11-02,148.10911560058594,,,,
2021-11-03,149.56040954589844,,,,
2021-11-04,149.03712463378906,,,,
2021-11-05,149.571044921875,,,,
2021-11-08,148.7405242919922,,,,
2021-11-09,149.10635375976562,,,,
2021-11-10,146.24899291992188,,,,
2021-11-11,146.19955444335938,,,,
2021-11-12,148.2956085205078,,,,
2021-11-15,148.30551147460938,,,,
2021-11-16,149.29420471191406,,,,
2021-11-17,151.75607299804688,,,,
2021-11-18,156.0865936279297,,,,
2021-11-19,158.736328125,,,,
2021-11-22,159.20101928710938,,,,
2021-11-23,159.5865936279297,,,,
2021-11-24,160.11061096191406,,,,
2021-11-26,155.03855895996094,,,,
2021-11-29,158.42982482910156,,,,
2021-11-30,163.4326629638672,2021.0,11.0,-97.33633,1.0
2021-12-01,162.9086456298828,,,,
2021-12-02,161.91006469726562,,,,
2021-12-03,160.01173400878906,,,,
2021-12-06,163.45242309570312,,,,
2021-12-07,169.24623107910156,,,,
2021-12-08,173.10215759277344,,,,
2021-12-09,172.5880584716797,,,,
2021-12-10,177.4228057861328,,,,
2021-12-13,173.75473022460938,,,,
2021-12-14,172.3606414794922,,,,
2021-12-15,177.27452087402344,,,,
2021-12-16,170.31405639648438,,,,
2021-12-17,169.20669555664062,,,,
2021-12-20,167.8323974609375,,,,
2021-12-21,171.03579711914062,,,,
2021-12-22,173.65585327148438,,,,
2021-12-23,174.2886199951172,,,,
2021-12-27,178.29287719726562,,,,
2021-12-28,177.2646026611328,,,,
2021-12-29,177.3536376953125,,,,
2021-12-30,176.18692016601562,,,,
2021-12-31,175.56407165527344,,,,
2022-01-03,179.95387268066406,,,,
2022-01-04,177.6699981689453,,,,
2022-01-05,172.94398498535156,,,,
2022-01-06,170.05697631835938,,,,
2022-01-07,170.22503662109375,,,,
2022-01-10,170.2448272705078,,,,
2022-01-11,173.10215759277344,,,,
2022-01-12,173.54708862304688,,,,
2022-01-13,170.2448272705078,,,,
2022-01-14,171.11489868164062,,,,
2022-01-18,167.88182067871094,,,,
2022-01-19,164.35218811035156,,,,
2022-01-20,162.6515655517578,,,,
2022-01-21,160.57530212402344,,,,
2022-01-24,159.79421997070312,,,,
2022-01-25,157.9750213623047,,,,
2022-01-26,157.88600158691406,,,,
2022-01-27,157.4213409423828,,,,
2022-01-28,168.4058380126953,,,,
2022-01-31,172.80555725097656,,,,
2022-02-01,172.6374969482422,,,,
2022-02-02,173.85357666015625,,,,
2022-02-03,170.94680786132812,,,,
2022-02-04,170.6597137451172,,,,
2022-02-07,169.93707275390625,,,,
2022-02-08,173.0752410888672,,,,
2022-02-09,174.5106658935547,,,,
2022-02-10,170.39242553710938,,,,
2022-02-11,166.94737243652344,,,,
2022-02-14,167.1849822998047,,,,
2022-02-15,171.05569458007812,,,,
2022-02-16,170.81813049316406,,,,
2022-02-17,167.1849822998047,,,,
2022-02-18,165.6208038330078,,,,
2022-02-22,162.67071533203125,,,,
2022-02-23,158.46339416503906,,,,
2022-02-24,161.1065673828125,,,,
2022-02-25,163.19541931152344,,,,
2022-02-28,163.46266174316406,2022.0,2.0,-49.702858,1.0
2022-03-01,161.5619659423828,,,,
2022-03-02,164.88824462890625,,,,
2022-03-03,164.5615692138672,,,,
2022-03-04,161.53225708007812,,,,
2022-03-07,157.7011260986328,,,,
2022-03-08,155.85977172851562,,,,
2022-03-09,161.31446838378906,,,,
2022-03-10,156.92893981933594,,,,
2022-03-11,153.17698669433594,,,,
2022-03-14,149.1082305908203,,,,
2022-03-15,153.53335571289062,,,,
2022-03-16,157.98817443847656,,,,
2022-03-17,159.0078582763672,,,,
2022-03-18,162.33413696289062,,,,
2022-03-21,163.72007751464844,,,,
2022-03-22,167.1255645751953,,,,
2022-03-23,168.50160217285156,,,,
2022-03-24,172.3228759765625,,,,
2022-03-25,172.96633911132812,,,,
2022-03-28,173.83750915527344,,,,
2022-03-29,177.16378784179688,,,,
2022-03-30,175.98573303222656,,,,
2022-03-31,172.85745239257812,2022.0,3.0,100.0,1.0
2022-04-01,172.5604705810547,,,,
2022-04-04,176.6490020751953,,,,
2022-04-05,173.3029327392578,,,,
2022-04-06,170.10536193847656,,,,
2022-04-07,170.41224670410156,,,,
2022-04-08,168.38279724121094,,,,
2022-04-11,164.08636474609375,,,,
2022-04-12,165.97718811035156,,,,
2022-04-13,168.689697265625,,,,
2022-04-14,163.6309814453125,,,,
2022-04-18,163.4132080078125,,,,
2022-04-19,165.7198028564453,,,,
2022-04-20,165.551513671875,,,,
2022-04-21,164.7496337890625,,,,
2022-04-22,160.16612243652344,,,,
2022-04-25,161.2451934814453,,,,
2022-04-26,155.2261962890625,,,,
2022-04-27,154.99851989746094,,,,
2022-04-28,161.99755859375,,,,
2022-04-29,156.06765747070312,,,,
2022-05-02,156.37457275390625,,,,
2022-05-03,157.87928771972656,,,,
2022-05-04,164.35366821289062,,,,
2022-05-05,155.1964874267578,,,,
2022-05-06,155.93014526367188,,,,
2022-05-09,150.75494384765625,,,,
2022-05-10,153.18392944335938,,,,
2022-05-11,145.24267578125,,,,
2022-05-12,141.3364715576172,,,,
2022-05-13,145.847412109375,,,,
2022-05-16,144.29090881347656,,,,
2022-05-17,147.95916748046875,,,,
2022-05-18,139.61141967773438,,,,
2022-05-19,136.1711883544922,,,,
2022-05-20,136.4091339111328,,,,
2022-05-23,141.8817596435547,,,,
2022-05-24,139.15536499023438,,,,
2022-05-25,139.31399536132812,,,,
2022-05-26,142.5460205078125,,,,
2022-05-27,148.35572814941406,,,,
2022-05-31,147.56259155273438,2022.0,5.0,-100.0,1.0
2022-06-01,147.43370056152344,,,,
2022-06-02,149.91226196289062,,,,
2022-06-03,144.1322784423828,,,,
2022-06-06,144.88575744628906,,,,
2022-06-07,147.43370056152344,,,,
2022-06-08,146.6901397705078,,,,
2022-06-09,141.41580200195312,,,,
2022-06-10,135.9530792236328,,,,
2022-06-13,130.74813842773438,,,,
2022-06-14,131.62059020996094,,,,
2022-06-15,134.26766967773438,,,,
2022-06-16,128.94374084472656,,,,
2022-06-17,130.43089294433594,,,,
2022-06-21,134.70388793945312,,,,
2022-06-22,134.18836975097656,,,,
2022-06-23,137.0832977294922,,,,
2022-06-24,140.44419860839844,,,,
2022-06-27,140.44419860839844,,,,
2022-06-28,136.26040649414062,,,,
2022-06-29,138.03506469726562,,,,
2022-06-30,135.54661560058594,,,,
2022-07-01,137.7376251220703,,,,
2022-07-05,140.34506225585938,,,,
2022-07-06,141.69337463378906,,,,
2022-07-07,145.0939483642578,,,,
2022-07-08,145.7780303955078,,,,
2022-07-11,143.62664794921875,,,,
2022-07-12,144.60813903808594,,,,
2022-07-13,144.2413330078125,,,,
2022-07-14,147.1957550048828,,,,
2022-07-15,148.88116455078125,,,,
2022-07-18,145.80780029296875,,,,
2022-07-19,149.70404052734375,,,,
2022-07-20,151.72653198242188,,,,
2022-07-21,154.0167236328125,,,,
2022-07-22,152.76751708984375,,,,
2022-07-25,151.63731384277344,,,,
2022-07-26,150.29891967773438,,,,
2022-07-27,155.44435119628906,,,,
2022-07-28,155.9995574951172,,,,
2022-07-29,161.115234375,,,,
2022-08-01,160.12384033203125,,,,
2022-08-02,158.63671875,,,,
2022-08-03,164.70420837402344,,,,
2022-08-04,164.386962890625,,,,
2022-08-05,164.15859985351562,,,,
2022-08-08,163.68203735351562,,,,
2022-08-09,163.731689453125,,,,
2022-08-10,168.0205535888672,,,,
2022-08-11,167.27597045898438,,,,
2022-08-12,170.85995483398438,,,,
2022-08-15,171.9420928955078,,,,
2022-08-16,171.7832489013672,,,,
2022-08-17,173.29229736328125,,,,
2022-08-18,172.8951873779297,,,,
2022-08-19,170.2841339111328,,,,
2022-08-22,166.3625946044922,,,,
2022-08-23,166.02503967285156,,,,
2022-08-24,166.3228759765625,,,,
2022-08-25,168.8048858642578,,,,
2022-08-26,162.44105529785156,,,,
2022-08-29,160.21722412109375,,,,
2022-08-30,157.7650146484375,,,,
2022-08-31,156.08717346191406,2022.0,8.0,-79.69429,1.0
2022-09-01,156.82183837890625,,,,
2022-09-02,154.6873321533203,,,,
2022-09-06,153.4165496826172,,,,
2022-09-07,154.83627319335938,,,,
2022-09-08,153.34706115722656,,,,
2022-09-09,156.236083984375,,,,
2022-09-12,162.25241088867188,,,,
2022-09-13,152.7315216064453,,,,
2022-09-14,154.19093322753906,,,,
2022-09-15,151.27212524414062,,,,
2022-09-16,149.61415100097656,,,,
2022-09-19,153.36691284179688,,,,
2022-09-20,155.7694854736328,,,,
2022-09-21,152.61239624023438,,,,
2022-09-22,151.63946533203125,,,,
2022-09-23,149.34608459472656,,,,
2022-09-26,149.68365478515625,,,,
2022-09-27,150.66651916503906,,,,
2022-09-28,148.76034545898438,,,,
2022-09-29,141.45338439941406,,,,
2022-09-30,137.2042236328125,2022.0,9.0,100.0,1.0
2022-10-03,141.42359924316406,,,,
2022-10-04,145.0472869873047,,,,
2022-10-05,145.34512329101562,,,,
2022-10-06,144.3821258544922,,,,
2022-10-07,139.0806121826172,,,,
2022-10-10,139.40821838378906,,,,
2022-10-11,137.9785919189453,,,,
2022-10-12,137.34320068359375,,,,
2022-10-13,141.959716796875,,,,
2022-10-14,137.3829345703125,,,,
2022-10-17,141.38389587402344,,,,
2022-10-18,142.7142333984375,,,,
2022-10-19,142.82342529296875,,,,
2022-10-20,142.35682678222656,,,,
2022-10-21,146.2088623046875,,,,
2022-10-24,148.37313842773438,,,,
2022-10-25,151.24234008789062,,,,
2022-10-26,148.2738800048828,,,,
2022-10-27,143.7566680908203,,,,
2022-10-28,154.61782836914062,,,,
2022-10-31,152.23512268066406,2022.0,10.0,-30.30565,1.0
2022-11-01,149.56451416015625,,,,
2022-11-02,143.98501586914062,,,,
2022-11-03,137.87933349609375,,,,
2022-11-04,137.61083984375,,,,
2022-11-07,138.14781188964844,,,,
2022-11-08,138.72459411621094,,,,
2022-11-09,134.12033081054688,,,,
2022-11-10,146.0536346435547,,,,
2022-11-11,148.86788940429688,,,,
2022-11-14,147.45578002929688,,,,
2022-11-15,149.2060089111328,,,,
2022-11-16,147.9629364013672,,,,
2022-11-17,149.88221740722656,,,,
2022-11-18,150.4490509033203,,,,
2022-11-21,147.1873016357422,,,,
2022-11-22,149.34521484375,,,,
2022-11-23,150.23028564453125,,,,
2022-11-25,147.2867431640625,,,,
2022-11-28,143.41835021972656,,,,
2022-11-29,140.3852996826172,,,,
2022-11-30,147.20718383789062,2022.0,11.0,-100.0,1.0
2022-12-01,147.4856414794922,,,,
2022-12-02,146.98841857910156,,,,
2022-12-05,145.81497192382812,,,,
2022-12-06,142.1156463623047,,,,
2022-12-07,140.15658569335938,,,,
2022-12-08,141.8571014404297,,,,
2022-12-09,141.36981201171875,,,,
2022-12-12,143.68685913085938,,,,
2022-12-13,144.6614227294922,,,,
2022-12-14,142.41397094726562,,,,
2022-12-15,135.74127197265625,,,,
2022-12-16,133.76234436035156,,,,
2022-12-19,131.63421630859375,,,,
2022-12-20,131.5646209716797,,,,
2022-12-21,134.69711303710938,,,,
2022-12-22,131.4949951171875,,,,
2022-12-23,131.12705993652344,,,,
2022-12-27,129.30723571777344,,,,
2022-12-28,125.33941650390624,,,,
2022-12-29,128.8895721435547,,,,
2022-12-30,129.20779418945312,,,,
2023-01-03,124.3748016357422,,,,
2023-01-04,125.65763854980467,,,,
2023-01-05,124.3250732421875,,,,
2023-01-06,128.89950561523438,,,,
2023-01-09,129.42657470703125,,,,
2023-01-10,130.0033416748047,,,,
2023-01-11,132.74803161621094,,,,
2023-01-12,132.66847229003906,,,,
2023-01-13,134.0109405517578,,,,
2023-01-17,135.18438720703125,,,,
2023-01-18,134.4584503173828,,,,
2023-01-19,134.5181121826172,,,,
2023-01-20,137.10366821289062,,,,
2023-01-23,140.32565307617188,,,,
2023-01-24,141.73776245117188,,,,
2023-01-25,141.07147216796875,,,,
2023-01-26,143.15982055664062,,,,
2023-01-27,145.11883544921875,,,,
2023-01-30,142.2051544189453,,,,
2023-01-31,143.4879608154297,,,,
2023-02-01,144.6216278076172,,,,
2023-02-02,149.98167419433594,,,,
2023-02-03,153.64122009277344,,,,
2023-02-06,150.88661193847656,,,,
2023-02-07,153.79037475585938,,,,
2023-02-08,151.0755615234375,,,,
2023-02-09,150.03138732910156,,,,
2023-02-10,150.39988708496094,,,,
2023-02-13,153.2284393310547,,,,
2023-02-14,152.5810546875,,,,
2023-02-15,154.7024383544922,,,,
2023-02-16,153.08900451660156,,,,
2023-02-17,151.93368530273438,,,,
2023-02-21,147.880126953125,,,,
2023-02-22,148.3083953857422,,,,
2023-02-23,148.79641723632812,,,,
2023-02-24,146.11729431152344,,,,
2023-02-27,147.32237243652344,,,,
2023-02-28,146.81443786621094,2023.0,2.0,-5.882353,1.0
2023-03-01,144.72293090820312,,,,
2023-03-02,145.32052612304688,,,,
2023-03-03,150.41983032226562,,,,
2023-03-06,153.20852661132812,,,,
2023-03-07,150.98751831054688,,,,
2023-03-08,152.2523956298828,,,,
2023-03-09,149.98159790039062,,,,
2023-03-10,147.90003967285156,,,,
2023-03-13,149.86207580566406,,,,
2023-03-14,151.97352600097656,,,,
2023-03-15,152.37191772460938,,,,
2023-03-16,155.22035217285156,,,,
2023-03-17,154.373779296875,,,,
2023-03-20,156.7640838623047,,,,
2023-03-21,158.63650512695312,,,,
2023-03-22,157.19236755371094,,,,
2023-03-23,158.2878875732422,,,,
2023-03-24,159.60256958007812,,,,
2023-03-27,157.64053344726562,,,,
2023-03-28,157.0130615234375,,,,
2023-03-29,160.12046813964844,,,,
2023-03-30,161.7040557861328,,,,
2023-03-31,164.2337646484375,2023.0,3.0,-85.37024,1.0
2023-04-03,165.4986572265625,,,,
2023-04-04,164.96084594726562,,,,
2023-04-05,163.098388671875,,,,
2023-04-06,163.99476623535156,,,,
2023-04-10,161.37539672851562,,,,
2023-04-11,160.15036010742188,,,,
2023-04-12,159.45318603515625,,,,
2023-04-13,164.89111328125,,,,
2023-04-14,164.54254150390625,,,,
2023-04-17,164.5624542236328,,,,
2023-04-18,165.79745483398438,,,,
2023-04-19,166.95277404785156,,,,
2023-04-20,165.97669982910156,,,,
2023-04-21,164.3533172607422,,,,
2023-04-24,164.6620635986328,,,,
2023-04-25,163.1083526611328,,,,
2023-04-26,163.098388671875,,,,
2023-04-27,167.72962951660156,,,,
2023-04-28,168.99447631835938,,,,
2023-05-01,168.90484619140625,,,,
2023-05-02,167.85906982421875,,,,
2023-05-03,166.77346801757812,,,,
2023-05-04,165.12017822265625,,,,
2023-05-05,172.8687744140625,,,,
2023-05-08,172.79904174804688,,,,
2023-05-09,171.07603454589844,,,,
2023-05-10,172.8588104248047,,,,
2023-05-11,173.0480194091797,,,,
2023-05-12,172.1105499267578,,,,
2023-05-15,171.61187744140625,,,,
2023-05-16,171.61187744140625,,,,
2023-05-17,172.230224609375,,,,
2023-05-18,174.5839385986328,,,,
2023-05-19,174.6936492919922,,,,
2023-05-22,173.73619079589844,,,,
2023-05-23,171.1032257080078,,,,
2023-05-24,171.38247680664062,,,,
2023-05-25,172.5294189453125,,,,
2023-05-26,174.96290588378906,,,,
2023-05-30,176.82794189453125,,,,
2023-05-31,176.77806091308594,2023.0,5.0,-100.0,1.0
2023-06-01,179.61050415039062,,,,
2023-06-02,180.4682159423828,,,,
2023-06-05,179.10186767578125,,,,
2023-06-06,178.73284912109375,,,,
2023-06-07,177.3465576171875,,,,
2023-06-08,180.0892333984375,,,,
2023-06-09,180.4781951904297,,,,
2023-06-12,183.30064392089844,,,,
2023-06-13,182.8219451904297,,,,
2023-06-14,183.46023559570312,,,,
2023-06-15,185.5147399902344,,,,
2023-06-16,184.4276428222656,,,,
2023-06-20,184.5174102783203,,,,
2023-06-21,183.47021484375,,,,
2023-06-22,186.5021209716797,,,,
2023-06-23,186.18295288085935,,,,
2023-06-26,184.7767333984375,,,,
2023-06-27,187.5592803955078,,,,
2023-06-28,188.74612426757807,,,,
2023-06-29,189.085205078125,,,,
2023-06-30,193.4535675048828,,,,
2023-07-03,191.9475860595703,,,,
2023-07-05,190.82058715820312,,,,
2023-07-06,191.2993011474609,,,,
2023-07-07,190.17230224609372,,,,
2023-07-10,188.1078338623047,,,,
2023-07-11,187.57925415039065,,,,
2023-07-12,189.2647399902344,,,,
2023-07-13,190.0326690673828,,,,
2023-07-14,190.18228149414065,,,,
2023-07-17,193.4735107421875,,,,
2023-07-18,193.2141876220703,,,,
2023-07-19,194.5805511474609,,,,
2023-07-20,192.6157989501953,,,,
2023-07-21,191.4289703369141,,,,
2023-07-24,192.2368011474609,,,,
2023-07-25,193.1044921875,,,,
2023-07-26,193.98214721679688,,,,
2023-07-27,192.7055511474609,,,,
2023-07-28,195.30860900878903,,,,
2023-07-31,195.9269561767578,,,,
2023-08-01,195.0891876220703,,,,
2023-08-02,192.06724548339844,,,,
2023-08-03,190.6610107421875,,,,
2023-08-04,181.5054626464844,,,,
2023-08-07,178.37380981445312,,,,
2023-08-08,179.32127380371094,,,,
2023-08-09,177.71556091308594,,,,
2023-08-10,177.49615478515625,,,,
2023-08-11,177.5560760498047,,,,
2023-08-14,179.22389221191406,,,,
2023-08-15,177.21652221679688,,,,
2023-08-16,176.3376922607422,,,,
2023-08-17,173.7710723876953,,,,
2023-08-18,174.2604217529297,,,,
2023-08-21,175.608642578125,,,,
2023-08-22,176.99681091308594,,,,
2023-08-23,180.88169860839844,,,,
2023-08-24,176.14793395996094,,,,
2023-08-25,178.375,,,,
2023-08-28,179.9529266357422,,,,
2023-08-29,183.87774658203125,,,,
2023-08-30,187.40310668945312,,,,
2023-08-31,187.6228179931641,2023.0,8.0,-37.01919,1.0
2023-09-01,189.2107391357422,,,,
2023-09-05,189.45040893554688,,,,
2023-09-06,182.6693420410156,,,,
2023-09-07,177.32638549804688,,,,
2023-09-08,177.945556640625,,,,
2023-09-11,179.12400817871094,,,,
2023-09-12,176.0680389404297,,,,
2023-09-13,173.9807891845703,,,,
2023-09-14,175.5087890625,,,,
2023-09-15,174.77972412109375,,,,
2023-09-18,177.73583984375,,,,
2023-09-19,178.8343963623047,,,,
2023-09-20,175.2591094970703,,,,
2023-09-21,173.70115661621094,,,,
2023-09-22,174.5600128173828,,,,
2023-09-25,175.84832763671875,,,,
2023-09-26,171.73374938964844,,,,
2023-09-27,170.20574951171875,,,,
2023-09-28,170.46542358398438,,,,
2023-09-29,170.9847412109375,,,,
2023-10-02,173.52139282226562,,,,
2023-10-03,172.1731719970703,,,,
2023-10-04,173.4315185546875,,,,
2023-10-05,174.67987060546875,,,,
2023-10-06,177.25648498535156,,,,
2023-10-09,178.75450134277344,,,,
2023-10-10,178.15528869628906,,,,
2023-10-11,179.5634307861328,,,,
2023-10-12,180.4722442626953,,,,
2023-10-13,178.61468505859375,,,,
2023-10-16,178.48486328125,,,,
2023-10-17,176.9169158935547,,,,
2023-10-18,175.608642578125,,,,
2023-10-19,175.22915649414062,,,,
2023-10-20,172.6525421142578,,,,
2023-10-23,172.7723846435547,,,,
2023-10-24,173.21180725097656,,,,
2023-10-25,170.87489318847656,,,,
2023-10-26,166.67042541503906,,,,
2023-10-27,167.99867248535156,,,,
2023-10-30,170.06593322753906,,,,
2023-10-31,170.54531860351562,2023.0,10.0,-7.2263374,1.0
2023-11-01,173.74110412597656,,,,
2023-11-02,177.3363800048828,,,,
2023-11-03,176.41757202148438,,,,
2023-11-06,178.9941864013672,,,,
2023-11-07,181.58078002929688,,,,
2023-11-08,182.6493682861328,,,,
2023-11-09,182.1699981689453,,,,
2023-11-10,186.3999938964844,,,,
2023-11-13,184.8000030517578,,,,
2023-11-14,187.44000244140625,,,,
2023-11-15,188.00999450683597,,,,
2023-11-16,189.7100067138672,,,,
2023-11-17,189.69000244140625,,,,
2023-11-20,191.4499969482422,,,,
2023-11-21,190.63999938964844,,,,
