period,Close,textblob_polarity,textblob_subjectivity,SENTIMENT_SCORE_NLTK,negative_WGT_LM
20181123,41.341453552246094,,,,
20181126,41.90054321289063,,,,
20181127,41.80936050415039,,,,
20181128,43.41704177856445,,,,
20181129,43.08351516723633,,,,
20181130,42.85076904296875,,,,
20181203,44.34806060791016,,,,
20181204,42.39724349975586,,,,
20181206,41.92454147338867,,,,
20181207,40.42962265014648,,,,
20181210,40.69598388671875,,,,
20181211,40.46323013305664,,,,
20181212,40.57601165771485,,,,
20181213,41.01992416381836,,,,
20181214,39.70737075805664,,,,
20181217,39.337852478027344,,,,
20181218,39.84894943237305,,,,
20181219,38.60599899291992,,,,
20181220,37.63178634643555,,,,
20181221,36.168067932128906,,,,
20181224,35.23225021362305,,,,
20181226,37.71336364746094,,,,
20181227,37.46860885620117,,,,
20181228,37.4878158569336,,,,
20181231,37.85014724731445,,,,
20190102,37.89333724975586,,,,
20190103,34.11888122558594,,,,
20190104,35.575401306152344,,,,
20190107,35.49620056152344,,,,
20190108,36.17286682128906,,,,
20190109,36.78715133666992,,,,
20190110,36.904727935791016,,,,
20190111,36.54240036010742,,,,
20190114,35.9929084777832,,,,
20190115,36.72956085205078,,,,
20190116,37.17827224731445,,,,
20190117,37.39902877807617,,,,
20190118,37.62939453125,,,,
20190122,36.78474807739258,,,,
20190123,36.93352508544922,,,,
20190124,36.64077758789063,,,,
20190125,37.85493850708008,,,,
20190128,37.50460815429688,,,,
20190129,37.11587524414063,,,,
20190130,39.652191162109375,,,,
20190131,39.9377326965332,,,,
20190201,39.95692443847656,,,,
20190204,41.09190368652344,,,,
20190205,41.79496383666992,,,,
20190206,41.80936050415039,,,,
20190207,41.01751327514648,,,,
20190208,41.065711975097656,,,,
20190211,40.82955551147461,,,,
20190212,41.18138885498047,,,,
20190213,41.010292053222656,,,,
20190214,41.15970230102539,,,,
20190215,41.06812286376953,,,,
20190219,41.19101333618164,,,,
20190220,41.45610809326172,,,,
20190221,41.22234344482422,,,,
20190222,41.6826286315918,,,,
20190225,41.98625946044922,,,,
20190226,42.0103645324707,,,,
20190227,42.14049530029297,,,,
20190228,41.72599792480469,,,,
20190301,42.16459274291992,,,,
20190304,42.37665557861328,,,,
20190305,42.29954528808594,,,,
20190306,42.05615615844727,,,,
20190307,41.56937026977539,,,,
20190308,41.66816711425781,,,,
20190311,43.11164093017578,,,,
20190312,43.59602355957031,,,,
20190313,43.7888069152832,,,,
20190314,44.27558517456055,,,,
20190315,44.85153579711914,,,,
20190318,45.30941009521485,,,,
20190319,44.950340270996094,,,,
20190320,45.34313583374024,,,,
20190321,47.01314163208008,,,,
20190322,46.0395736694336,,,,
20190325,45.4829216003418,,,,
20190326,45.012996673583984,,,,
20190327,45.41785430908203,,,,
20190328,45.47809219360352,,,,
20190329,45.77448272705078,,,,
20190401,46.08536529541016,,,,
20190402,46.75529098510742,,,,
20190403,47.075801849365234,,,,
20190404,47.1577377319336,,,,
20190405,47.47341537475586,,,,
20190408,48.22046661376953,,,,
20190409,48.07586669921875,,,,
20190410,48.34577560424805,,,,
20190411,47.943336486816406,,,,
20190412,47.92405700683594,,,,
20190415,48.01079559326172,,,,
20190416,48.01562881469727,,,,
20190417,48.95063781738281,,,,
20190418,49.12655258178711,,,,
20190422,49.28800201416016,,,,
20190423,49.9989013671875,,,,
20190424,49.92178726196289,,,,
20190425,49.46875381469727,,,,
20190426,49.23258972167969,,,,
20190429,49.30730056762695,,,,
20190430,48.35782241821289,,,,
20190501,50.73150253295898,,,,
20190502,50.401344299316406,,,,
20190503,51.02791213989258,,,,
20190506,50.239891052246094,,,,
20190507,48.88556671142578,,,,
20190508,48.89521026611328,,,,
20190509,48.369876861572266,,,,
20190510,47.69977951049805,,,,
20190513,44.9275016784668,,,,
20190514,45.63871383666992,,,,
20190515,46.18543243408203,,,,
20190516,45.98223114013672,,,,
20190517,45.72095489501953,,,,
20190520,44.2912712097168,,,,
20190521,45.140380859375,,,,
20190522,44.216285705566406,,,,
20190523,43.461524963378906,,,,
20190524,43.29460906982422,,,,
20190528,43.11559295654297,,,,
20190529,42.90997314453125,,,,
20190530,43.13252258300781,,,,
20190531,42.35116195678711,,,,
20190603,41.9229736328125,,,,
20190604,43.4566764831543,,,,
20190605,44.15822219848633,,,,
20190606,44.80654144287109,,,,
20190607,45.9991569519043,,,,
20190610,46.58700180053711,,,,
20190611,47.12645721435547,,,,
20190612,46.97647476196289,,,,
20190613,46.96680450439453,,,,
20190614,46.62570571899414,,,,
20190617,46.903907775878906,,,,
20190618,48.00700378417969,,,,
20190619,47.86669921875,,,,
20190620,48.25135040283203,,,,
20190621,48.08684539794922,,,,
20190624,48.0384635925293,,,,
20190625,47.310306549072266,,,,
20190626,48.33359146118164,,,,
20190627,48.319068908691406,,,,
20190628,47.87879180908203,,,,
20190701,48.75693130493164,,,,
20190702,49.04238510131836,,,,
20190703,49.44879913330078,,,,
20190705,49.405250549316406,,,,
20190708,48.38679885864258,,,,
20190709,48.68193817138672,,,,
20190710,49.163333892822266,,,,
20190711,48.8053092956543,,,,
20190712,49.180274963378906,,,,
20190715,49.6423225402832,,,,
20190716,49.47055816650391,,,,
20190717,49.19236373901367,,,,
20190718,49.75118255615234,,,,
20190719,49.00851440429688,,,,
20190722,50.128562927246094,,,,
20190723,50.520450592041016,,,,
20190724,50.47932434082031,,,,
20190725,50.080177307128906,,,,
20190726,50.25434875488281,,,,
20190729,50.7236557006836,,,,
20190730,50.50593566894531,,,,
20190731,51.53647613525391,,,,
20190801,50.421268463134766,,,,
20190802,49.35444259643555,,,,
20190805,46.77085113525391,,,,
20190806,47.6562385559082,,,,
20190807,48.14973831176758,,,,
20190808,49.211727142333984,,,,
20190809,48.80620193481445,,,,
20190812,48.68235397338867,,,,
20190813,50.74397277832031,,,,
20190814,49.23357391357422,,,,
20190815,48.98831558227539,,,,
20190816,50.144187927246094,,,,
20190819,51.079078674316406,,,,
20190820,51.08151245117188,,,,
20190821,51.63515090942383,,,,
20190822,51.59144592285156,,,,
20190823,49.20685958862305,,,,
20190826,50.14175033569336,,,,
20190827,49.57596206665039,,,,
20190828,49.90864562988281,,,,
20190829,50.753684997558594,,,,
20190830,50.6881103515625,,,,
20190903,49.94992065429688,,,,
20190904,50.797401428222656,,,,
20190905,51.790557861328125,,,,
20190906,51.78570556640625,,,,
20190909,52.006683349609375,,,,
20190910,52.62103271484375,,,,
20190911,54.29412460327149,,,,
20190912,54.17271041870117,,,,
20190913,53.11883544921875,,,,
20190916,53.39808654785156,,,,
20190917,53.59235000610352,,,,
20190918,54.09500503540039,,,,
20190919,53.655494689941406,,,,
20190920,52.87114715576172,,,,
20190923,53.11155700683594,,,,
20190924,52.859004974365234,,,,
20190925,53.6724853515625,,,,
20190926,53.39566040039063,,,,
20190927,53.135841369628906,,,,
20190930,54.38641357421875,,,,
20191001,54.536956787109375,,,,
20191002,53.16983795166016,,,,
20191003,53.62149429321289,,,,
20191004,55.124603271484375,,,,
20191007,55.13674545288086,,,,
20191008,54.49081802368164,,,,
20191009,55.12946319580078,,,,
20191010,55.872520446777344,,,,
20191011,57.35863876342773,,,,
20191014,57.27607345581055,,,,
20191015,57.14251327514648,,,,
20191016,56.91181945800781,,,,
20191017,57.132808685302734,,,,
20191018,57.40719985961914,,,,
20191021,58.40280151367188,,,,
20191022,58.26923370361328,,,,
20191023,59.05114364624024,,,,
20191024,59.14828109741211,,,,
20191025,59.87677001953125,,,,
20191028,60.47654724121094,,,,
20191029,59.07786560058594,,,,
20191030,59.070579528808594,,,,
20191031,60.4061393737793,,,,
20191101,62.12050628662109,,,,
20191104,62.5284538269043,,,,
20191105,62.43861770629883,,,,
20191106,62.46532440185547,,,,
20191107,63.18624114990234,,,,
20191108,63.35919570922852,,,,
20191111,63.86091232299805,,,,
20191112,63.802467346191406,,,,
20191113,64.4137954711914,,,,
20191114,63.96808624267578,,,,
20191115,64.72798156738281,,,,
20191118,65.05433654785156,,,,
20191119,64.85704803466797,,,,
20191120,64.10204315185547,,,,
20191121,63.81463623046875,,,,
20191122,63.75863265991211,,,,
20191125,64.87654876708984,,,,
20191126,64.36994934082031,,,,
20191127,65.23458862304688,,,,
20191129,65.09087371826172,,,,
20191202,64.33829498291016,,,,
20191203,63.19112014770508,,,,
20191204,63.74888610839844,,,,
20191205,64.68414306640625,,,,
20191206,65.93360137939453,,,,
20191209,65.01050567626953,,,,
20191210,65.39046478271484,,,,
20191211,65.94820404052734,,,,
20191212,66.11624145507812,,,,
20191213,67.01497650146484,,,,
20191216,68.16212463378906,,,,
20191217,68.29610443115234,,,,
20191218,68.13292694091797,,,,
20191219,68.20111083984375,,,,
20191220,68.05985260009766,,,,
20191223,69.17047119140625,,,,
20191224,69.2362289428711,,,,
20191226,70.60990142822266,,,,
20191227,70.58309936523438,,,,
20191230,71.00203704833984,,,,
20191231,71.52082824707031,,,,
20200102,73.15264892578125,,,,
20200103,72.44145202636719,,,,
20200106,73.01869201660156,,,,
20200107,72.67526245117188,,,,
20200108,73.8443603515625,,,,
20200109,75.41287994384766,,,,
20200110,75.5833511352539,,,,
20200113,77.19815063476562,,,,
20200114,76.15571594238281,,,,
20200115,75.829345703125,,,,
20200116,76.77922821044922,,,,
20200117,77.62925720214844,,,,
20200121,77.1031723022461,,,,
20200122,77.37838745117188,,,,
20200123,77.75102996826172,,,,
20200124,77.5269546508789,,,,
20200127,75.24723815917969,,,,
20200128,77.37593841552734,,,,
20200129,78.99561309814453,,,,
20200130,78.88111877441406,,,,
20200131,75.38363647460938,,,,
20200203,75.17662811279297,,,,
20200204,77.6584701538086,,,,
20200205,78.29170989990234,,,,
20200206,79.20750427246094,,,,
20200207,78.13085174560547,,,,
20200210,78.50193786621094,,,,
20200211,78.02830505371094,,,,
20200212,79.88131713867188,,,,
20200213,79.31249237060547,,,,
20200214,79.33199310302734,,,,
20200218,77.87940979003906,,,,
20200219,79.0073013305664,,,,
20200220,78.19676971435547,,,,
20200221,76.42678833007812,,,,
20200224,72.79647064208984,,,,
20200225,70.33070373535156,,,,
20200226,71.4464111328125,,,,
20200227,66.77608489990234,,,,
20200228,66.73702239990234,,,,
20200302,72.95028686523438,,,,
20200303,70.6334457397461,,,,
20200304,73.90974426269531,,,,
20200305,71.51234436035156,,,,
20200306,70.56262969970703,,,,
20200309,64.98169708251953,,,,
20200310,69.66178131103516,,,,
20200311,67.24237823486328,,,,
20200312,60.60189056396485,,,,
20200313,67.86249542236328,,,,
20200316,59.13219451904297,,,,
20200317,61.73224258422852,,,,
20200318,60.22104263305664,,,,
20200319,59.75962066650391,,,,
20200320,55.96574783325195,,,,
20200323,54.77680206298828,,,,
20200324,60.27230072021485,,,,
20200325,59.940277099609375,,,,
20200326,63.09452819824219,,,,
20200327,60.48226165771485,,,,
20200330,62.20830535888672,,,,
20200331,62.08134841918945,,,,
20200401,58.81481170654297,,,,
20200402,59.79624176025391,,,,
20200403,58.93688583374024,,,,
20200406,64.07839965820312,,,,
20200407,63.336212158203125,,,,
20200408,64.95728302001953,,,,
20200409,65.42601013183594,,,,
20200413,66.7101821899414,,,,
20200414,70.07923889160156,,,,
20200415,69.43960571289062,,,,
20200416,69.99136352539062,,,,
20200417,69.04167175292969,,,,
20200420,67.60859680175781,,,,
20200421,65.51878356933594,,,,
20200422,67.40597534179688,,,,
20200423,67.14474487304688,,,,
20200424,69.08317565917969,,,,
20200427,69.13201904296875,,,,
20200428,68.01142120361328,,,,
20200429,70.24526977539062,,,,
20200430,71.72716522216797,,,,
20200501,70.57240295410156,,,,
20200504,71.5709228515625,,,,
20200505,72.64511108398438,,,,
20200506,73.39462280273438,,,,
20200507,74.15386199951172,,,,
20200508,75.91887664794922,,,,
20200511,77.11349487304688,,,,
20200512,76.23219299316406,,,,
20200513,75.311767578125,,,,
20200514,75.7744369506836,,,,
20200515,75.32645416259766,,,,
20200518,77.10123443603516,,,,
20200519,76.65570831298828,,,,
20200520,78.14653015136719,,,,
20200521,77.56389617919922,,,,
20200522,78.06330108642578,,,,
20200526,77.5345230102539,,,,
20200527,77.8723373413086,,,,
20200528,77.90662384033203,,,,
20200529,77.83073425292969,,,,
20200601,78.78788757324219,,,,
20200602,79.15264129638672,,,,
20200603,79.58837890625,,,,
20200604,78.90294647216797,,,,
20200605,81.15018463134766,,,,
20200608,81.62998962402344,,,,
20200609,84.20767974853516,,,,
20200610,86.37413787841797,,,,
20200611,82.2272720336914,,,,
20200612,82.93719482421875,,,,
20200615,83.96289825439453,,,,
20200616,86.18809509277344,,,,
20200617,86.06814575195312,,,,
20200618,86.1024169921875,,,,
20200619,85.6103744506836,,,,
20200622,87.85028076171875,,,,
20200623,89.72542572021484,,,,
20200624,88.1415786743164,,,,
20200625,89.31169891357422,,,,
20200626,86.56752014160156,,,,
20200629,88.56262969970703,,,,
20200630,89.30191802978516,,,,
20200701,89.13301086425781,,,,
20200702,89.13301086425781,,,,
20200706,91.517333984375,,,,
20200707,91.23336029052734,,,,
20200708,93.35819244384766,,,,
20200709,93.75967407226562,,,,
20200710,93.9236831665039,,,,
20200713,93.49040985107422,,,,
20200714,95.03751373291016,,,,
20200715,95.6911163330078,,,,
20200716,94.5136489868164,,,,
20200717,94.32268524169922,,,,
20200720,96.31046295166016,,,,
20200721,94.981201171875,,,,
20200722,95.24803161621094,,,,
20200723,90.91268920898438,,,,
20200724,90.6874542236328,,,,
20200727,92.83679962158205,,,,
20200728,91.31170654296876,,,,
20200729,93.0619888305664,,,,
20200730,94.18805694580078,-0.0777777777777777,0.1777777777777777,1.0,0.0
20200731,104.04847717285156,,,,
20200803,106.6702651977539,,,,
20200804,107.38262176513672,,,,
20200805,107.7718505859375,,,,
20200806,111.53191375732422,,,,
20200807,108.99614715576172,,,,
20200810,110.58039093017578,,,,
20200811,107.29175567626952,,,,
20200812,110.85751342773438,,,,
20200813,112.81941986083984,,,,
20200814,112.7188720703125,,,,
20200817,112.42457580566406,,,,
20200818,113.36140441894533,,,,
20200819,113.50363159179688,,,,
20200820,116.02223205566406,,,,
20200821,122.00114440917967,,,,
20200824,123.4603042602539,,,,
20200825,122.4474868774414,,,,
20200826,124.1126480102539,,,,
20200827,122.62895965576172,,,,
20200828,122.4303207397461,,,,
20200831,126.58216857910156,,,,
20200901,131.624267578125,,,,
20200902,128.89723205566406,,,,
20200903,118.5776138305664,,,,
20200904,118.65608215332033,,,,
20200908,110.67113494873048,,,,
20200909,115.08544158935548,,,,
20200910,111.32837677001952,0.1948728354978355,0.4167884199134199,1.0,0.2666666666666666
20200911,109.86675262451172,,,,
20200914,113.16275024414062,,,,
20200915,113.3393325805664,,,,
20200916,109.99427032470705,,,,
20200917,108.23836517333984,,,,
20200918,104.8050308227539,,,,
20200921,107.98332214355467,,,,
20200922,109.68038177490234,,,,
20200923,105.07969665527344,,,,
20200924,106.15874481201172,,,,
20200925,110.14142608642578,,,,
20200928,112.7703857421875,,,,
20200929,111.91693115234376,,,,
20200930,113.60418701171876,,,,
20201001,114.56550598144533,,,,
20201002,110.86732482910156,,,,
20201005,114.28104400634766,,,,
20201006,111.0046615600586,,,,
20201007,112.88809204101562,,,,
20201008,112.78019714355467,,,,
20201009,114.7420883178711,,,,
20201012,122.0305633544922,,,,
20201013,118.7934341430664,,,,
20201014,118.8817138671875,,,,
20201015,118.4108657836914,,,,
20201016,116.75304412841795,,,,
20201019,113.77095794677734,,,,
20201020,115.27181243896484,,,,
20201021,114.64400482177734,,,,
20201022,113.54534149169922,,,,
20201023,112.8488540649414,,,,
20201026,112.8586654663086,,,,
20201027,114.3791275024414,,,,
20201028,109.08197784423828,,,,
20201029,113.12351989746094,,,,
20201030,106.78653717041016,,,,
20201102,106.69825744628906,,,,
20201103,108.33647918701172,,,,
20201104,112.76057434082033,,,,
20201105,116.76284790039062,,,,
20201106,116.63019561767578,,,,
20201109,114.30132293701172,,,,
20201110,113.9574203491211,,,,
20201111,117.4163055419922,,,,
20201112,117.14116668701172,,,,
20201113,117.19029998779295,,,,
20201116,118.21227264404295,,,,
20201117,117.31805419921876,,,,
20201118,115.98165130615234,,,,
20201119,116.58106231689452,,,,
20201120,115.30361938476562,,,,
20201123,111.87419128417967,,,,
20201124,113.1712875366211,,,,
20201125,114.01636505126952,,,,
20201127,114.56663513183594,,,,
20201130,116.98395538330078,,,,
20201201,120.59026336669922,,,,
20201202,120.94400787353516,,,,
20201203,120.8064422607422,,,,
20201204,120.12841796875,,,,
20201207,121.60238647460938,,,,
20201208,122.2214584350586,,,,
20201209,119.66658020019533,,,,
20201210,121.1012191772461,,,,
20201211,120.28562927246094,,,,
20201214,119.66658020019533,,,,
20201215,125.66072082519533,,,,
20201216,125.59192657470705,,,,
20201217,126.46649932861328,,,,
20201218,124.46187591552734,,,,
20201221,126.00463104248048,,,,
20201222,129.59130859375,,,,
20201223,128.68728637695312,,,,
20201224,129.67974853515625,,,,
20201228,134.3178253173828,,,,
20201229,132.52943420410156,,,,
20201230,131.39935302734375,,,,
20201231,130.3872528076172,,,,
20210104,127.16415405273438,,,,
20210105,128.7363739013672,,,,
20210106,124.40291595458984,,,,
20210107,128.64796447753906,,,,
20210108,129.75836181640625,,,,
20210111,126.74159240722656,,,,
20210112,126.56473541259766,,,,
20210113,128.6184539794922,,,,
20210114,126.6728515625,,,,
20210115,124.93354034423828,,,,
20210119,125.61157989501952,,,,
20210120,129.7386932373047,,,,
20210121,134.4946746826172,,,,
20210122,136.65652465820312,,,,
20210125,140.439697265625,,,,
20210126,140.67555236816406,,,,
20210127,139.59461975097656,,,,
20210128,134.7108612060547,,,,
20210129,129.66993713378906,,,,
20210201,131.81210327148438,,,,
20210202,132.64730834960938,,,,
20210203,131.6155548095703,,,,
20210204,135.0056610107422,,,,
20210205,134.58741760253906,,,,
20210208,134.7350311279297,,,,
20210209,133.8493194580078,,,,
20210210,133.23916625976562,,,,
20210211,132.9833221435547,,,,
20210212,133.21949768066406,,,,
20210216,131.0740966796875,,,,
20210217,128.76148986816406,,,,
20210218,127.64942169189452,,,,
20210219,127.80690002441406,,,,
20210222,123.99834442138672,,,,
20210223,123.8605728149414,,,,
20210224,123.35868072509766,,,,
20210225,119.06794738769533,,,,
20210226,119.3336410522461,,,,
20210301,125.7599105834961,,,,
20210302,123.13233947753906,,,,
20210303,120.12093353271484,,,,
20210304,118.22159576416016,,,,
20210305,119.4911117553711,,,,
20210308,114.5114974975586,,,,
20210309,119.1663589477539,,,,
20210310,118.07398986816406,,,,
20210311,120.02252960205078,,,,
20210312,119.10729217529295,,,,
20210315,122.0202865600586,,,,
20210316,123.5751953125,,,,
20210317,122.7780532836914,,,,
20210318,118.61524200439452,,,,
20210319,118.08380889892578,,,,
20210322,121.4298095703125,,,,
20210323,120.59332275390624,,,,
20210324,118.18223571777344,,,,
20210325,118.67430877685548,,,,
20210326,119.2844467163086,,,,
20210329,119.46158599853516,,,,
20210330,117.9952621459961,,,,
20210331,120.20950317382812,,,,
20210401,121.0459976196289,,,,
20210405,123.89993286132812,,,,
20210406,124.20500946044922,,,,
20210407,125.8681640625,,,,
20210408,128.28909301757812,,,,
20210409,130.8871612548828,,,,
20210412,129.15513610839844,,,,
20210413,132.29443359375,,,,
20210414,129.9325714111328,,,,
20210415,132.3633575439453,,,,
20210416,132.0287322998047,,,,
20210419,132.6979217529297,,,,
20210420,130.99537658691406,,,,
20210421,131.3792266845703,,,,
20210422,129.843994140625,,,,
20210423,132.18617248535156,,,,
20210426,132.57981872558594,,,,
20210427,132.2550811767578,,,,
20210428,131.45791625976562,0.3,0.55,1.0,0.0
20210429,131.35951232910156,,,,
20210430,129.37159729003906,,,,
20210503,130.4344482421875,,,,
20210504,125.81896209716795,,,,
20210505,126.06499481201172,,,,
20210506,127.678955078125,,,,
20210507,128.35911560058594,,,,
20210510,125.04688262939452,,,,
20210511,124.1202621459961,,,,
20210512,121.0248794555664,,,,
20210513,123.1936264038086,,,,
20210514,125.63836669921876,,,,
20210517,124.47512817382812,,,,
20210518,123.0753173828125,,,,
20210519,122.91761779785156,,,,
20210520,125.50035095214844,,,,
20210521,123.64706420898438,,,,
20210524,125.29332733154295,,,,
20210525,125.09617614746094,,,,
20210526,125.04688262939452,,,,
20210527,123.49921417236328,,,,
20210528,122.83873748779295,,,,
20210601,122.51342010498048,,,,
20210602,123.28231811523438,,,,
20210603,121.783935546875,,,,
20210604,124.10054779052734,,,,
20210607,124.1103973388672,,,,
20210608,124.93844604492188,,,,
20210609,125.3228988647461,,,,
20210610,124.31742095947266,,,,
20210611,125.53980255126952,,,,
20210614,128.62530517578125,,,,
20210615,127.79725646972656,,,,
20210616,128.29998779296875,,,,
20210617,129.91665649414062,,,,
20210618,128.6055908203125,,,,
20210621,130.41943359375,,,,
20210622,132.0755157470703,,,,
20210623,131.79954528808594,,,,
20210624,131.51365661621094,,,,
20210625,131.21791076660156,,,,
20210628,132.86416625976562,,,,
20210629,134.39215087890625,,,,
20210630,135.01316833496094,,,,
20210701,135.31878662109375,,,,
20210702,137.97056579589844,,,,
20210706,140.00125122070312,,,,
20210707,142.51499938964844,,,,
20210708,141.2039337158203,,,,
20210709,143.04733276367188,,,,
20210712,142.44598388671875,,,,
20210713,143.56979370117188,,,,
20210714,147.02989196777344,,,,
20210715,146.3694305419922,,,,
20210716,144.3091583251953,,,,
20210719,140.42514038085938,,,,
20210720,144.0725555419922,,,,
20210721,143.33322143554688,,,,
20210722,144.7133331298828,,,,
20210723,146.4482879638672,,,,
20210726,146.87220764160156,,,,
20210727,144.68373107910156,,,,
20210728,142.919189453125,0.1333333333333333,0.0,1.0,0.0
20210729,143.56979370117188,,,,
20210730,143.78668212890625,,,,
20210802,143.4514923095703,,,,
20210803,145.26535034179688,,,,
20210804,144.8611602783203,,,,
20210805,144.96961975097656,,,,
20210806,144.27853393554688,,,,
20210809,144.2291717529297,,,,
20210810,143.7454071044922,,,,
20210811,144.00209045410156,,,,
20210812,146.9935302734375,,,,
20210813,147.2008514404297,,,,
20210816,149.19508361816406,,,,
20210817,148.27694702148438,,,,
20210818,144.4957275390625,,,,
20210819,144.8314208984375,,,,
20210820,146.30239868164062,,,,
20210823,147.80307006835938,,,,
20210824,147.71421813964844,,,,
20210825,146.47023010253906,,,,
20210826,145.6606903076172,,,,
20210827,146.7071990966797,,,,
20210830,151.16964721679688,,,,
20210831,149.8960723876953,,,,
20210901,150.56739807128906,,,,
20210902,151.69288635253906,,,,
20210903,152.3345947265625,,,,
20210907,154.6941680908203,,,,
20210908,153.13426208496094,,,,
20210909,152.10752868652344,,,,
20210910,147.07249450683594,,,,
20210913,147.64511108398438,,,,
20210914,146.2333221435547,,,,
20210915,147.13174438476562,,,,
20210916,146.89479064941406,,,,
20210917,144.19956970214844,,,,
20210920,141.1193084716797,,,,
20210921,141.60305786132812,,,,
20210922,143.9922332763672,,,,
20210923,144.9597625732422,,,,
20210924,145.04859924316406,,,,
20210927,143.51832580566406,,,,
20210928,140.1024169921875,,,,
20210929,141.01068115234375,,,,
20210930,139.69764709472656,,,,
20211001,140.8329620361328,,,,
20211004,137.36769104003906,,,,
20211005,139.31263732910156,,,,
20211006,140.19125366210938,,,,
20211007,141.46482849121094,,,,
20211008,141.07980346679688,,,,
20211011,140.99095153808594,,,,
20211012,139.70751953125,,,,
20211013,139.11517333984375,,,,
20211014,141.92886352539062,,,,
20211015,142.99508666992188,,,,
20211018,144.6833038330078,,,,
20211019,146.8651580810547,,,,
20211020,147.35879516601562,,,,
20211021,147.5760040283203,,,,
20211022,146.79605102539062,,,,
20211025,146.74667358398438,,,,
20211026,147.4180450439453,,,,
20211027,146.9540252685547,,,,
20211028,150.62664794921875,,,,
20211029,147.89190673828125,-0.0550925925925926,0.3814814814814815,1.0,0.0
20211101,147.0626220703125,,,,
20211102,148.10911560058594,,,,
20211103,149.56040954589844,,,,
20211104,149.03712463378906,,,,
20211105,149.571044921875,,,,
20211108,148.7405242919922,,,,
20211109,149.10635375976562,,,,
20211110,146.24899291992188,,,,
20211111,146.19955444335938,,,,
20211112,148.2956085205078,,,,
20211115,148.30551147460938,,,,
20211116,149.29420471191406,,,,
20211117,151.75607299804688,,,,
20211118,156.0865936279297,,,,
20211119,158.736328125,,,,
20211122,159.20101928710938,,,,
20211123,159.5865936279297,,,,
20211124,160.11061096191406,,,,
20211126,155.03855895996094,,,,
20211129,158.42982482910156,,,,
20211130,163.4326629638672,,,,
20211201,162.9086456298828,,,,
20211202,161.91006469726562,,,,
20211203,160.01173400878906,,,,
20211206,163.45242309570312,,,,
20211207,169.24623107910156,,,,
20211208,173.10215759277344,,,,
20211209,172.5880584716797,,,,
20211210,177.4228057861328,,,,
20211213,173.75473022460938,,,,
20211214,172.3606414794922,,,,
20211215,177.27452087402344,,,,
20211216,170.31405639648438,,,,
20211217,169.20669555664062,,,,
20211220,167.8323974609375,,,,
20211221,171.03579711914062,,,,
20211222,173.65585327148438,,,,
20211223,174.2886199951172,,,,
20211227,178.29287719726562,,,,
20211228,177.2646026611328,,,,
20211229,177.3536376953125,,,,
20211230,176.18692016601562,,,,
20211231,175.56407165527344,,,,
20220103,179.95387268066406,,,,
20220104,177.6699981689453,,,,
20220105,172.94398498535156,,,,
20220106,170.05697631835938,,,,
20220107,170.22503662109375,,,,
20220110,170.2448272705078,,,,
20220111,173.10215759277344,,,,
20220112,173.54708862304688,,,,
20220113,170.2448272705078,,,,
20220114,171.11489868164062,,,,
20220118,167.88182067871094,,,,
20220119,164.35218811035156,,,,
20220120,162.6515655517578,,,,
20220121,160.57530212402344,,,,
20220124,159.79421997070312,,,,
20220125,157.9750213623047,,,,
20220126,157.88600158691406,,,,
20220127,157.4213409423828,,,,
20220128,168.4058380126953,,,,
20220131,172.80555725097656,,,,
20220201,172.6374969482422,,,,
20220202,173.85357666015625,,,,
20220203,170.94680786132812,,,,
20220204,170.6597137451172,,,,
20220207,169.93707275390625,,,,
20220208,173.0752410888672,,,,
20220209,174.5106658935547,,,,
20220210,170.39242553710938,,,,
20220211,166.94737243652344,,,,
20220214,167.1849822998047,,,,
20220215,171.05569458007812,,,,
20220216,170.81813049316406,,,,
20220217,167.1849822998047,,,,
20220218,165.6208038330078,,,,
20220222,162.67071533203125,,,,
20220223,158.46339416503906,,,,
20220224,161.1065673828125,,,,
20220225,163.19541931152344,,,,
20220228,163.46266174316406,,,,
20220301,161.5619659423828,,,,
20220302,164.88824462890625,,,,
20220303,164.5615692138672,,,,
20220304,161.53225708007812,,,,
20220307,157.7011260986328,,,,
20220308,155.85977172851562,,,,
20220309,161.31446838378906,,,,
20220310,156.92893981933594,,,,
20220311,153.17698669433594,,,,
20220314,149.1082305908203,,,,
20220315,153.53335571289062,,,,
20220316,157.98817443847656,,,,
20220317,159.0078582763672,,,,
20220318,162.33413696289062,,,,
20220321,163.72007751464844,,,,
20220322,167.1255645751953,,,,
20220323,168.50160217285156,,,,
20220324,172.3228759765625,,,,
20220325,172.96633911132812,,,,
20220328,173.83750915527344,,,,
20220329,177.16378784179688,,,,
20220330,175.98573303222656,,,,
20220331,172.85745239257812,,,,
20220401,172.5604705810547,,,,
20220404,176.6490020751953,,,,
20220405,173.3029327392578,,,,
20220406,170.10536193847656,,,,
20220407,170.41224670410156,,,,
20220408,168.38279724121094,,,,
20220411,164.08636474609375,,,,
20220412,165.97718811035156,,,,
20220413,168.689697265625,,,,
20220414,163.6309814453125,,,,
20220418,163.4132080078125,,,,
20220419,165.7198028564453,,,,
20220420,165.551513671875,,,,
20220421,164.7496337890625,,,,
20220422,160.16612243652344,,,,
20220425,161.2451934814453,,,,
20220426,155.2261962890625,,,,
20220427,154.99851989746094,,,,
20220428,161.99755859375,,,,
20220429,156.06765747070312,,,,
20220502,156.37457275390625,,,,
20220503,157.87928771972656,,,,
20220504,164.35366821289062,,,,
20220505,155.1964874267578,,,,
20220506,155.93014526367188,,,,
20220509,150.75494384765625,,,,
20220510,153.18392944335938,,,,
20220511,145.24267578125,,,,
20220512,141.3364715576172,,,,
20220513,145.847412109375,,,,
20220516,144.29090881347656,,,,
20220517,147.95916748046875,,,,
20220518,139.61141967773438,,,,
20220519,136.1711883544922,,,,
20220520,136.4091339111328,,,,
20220523,141.8817596435547,,,,
20220524,139.15536499023438,,,,
20220525,139.31399536132812,,,,
20220526,142.5460205078125,,,,
20220527,148.35572814941406,,,,
20220531,147.56259155273438,,,,
20220601,147.43370056152344,,,,
20220602,149.91226196289062,,,,
20220603,144.1322784423828,,,,
20220606,144.88575744628906,,,,
20220607,147.43370056152344,,,,
20220608,146.6901397705078,,,,
20220609,141.41580200195312,,,,
20220610,135.9530792236328,,,,
20220613,130.74813842773438,,,,
20220614,131.62059020996094,,,,
20220615,134.26766967773438,,,,
20220616,128.94374084472656,,,,
20220617,130.43089294433594,,,,
20220621,134.70388793945312,,,,
20220622,134.18836975097656,,,,
20220623,137.0832977294922,,,,
20220624,140.44419860839844,,,,
20220627,140.44419860839844,,,,
20220628,136.26040649414062,,,,
20220629,138.03506469726562,,,,
20220630,135.54661560058594,,,,
20220701,137.7376251220703,,,,
20220705,140.34506225585938,,,,
20220706,141.69337463378906,,,,
20220707,145.0939483642578,,,,
20220708,145.7780303955078,,,,
20220711,143.62664794921875,,,,
20220712,144.60813903808594,,,,
20220713,144.2413330078125,,,,
20220714,147.1957550048828,,,,
20220715,148.88116455078125,,,,
20220718,145.80780029296875,,,,
20220719,149.70404052734375,,,,
20220720,151.72653198242188,0.059090909090909,0.2636363636363636,1.0,0.0
20220721,154.0167236328125,,,,
20220722,152.76751708984375,,,,
20220725,151.63731384277344,,,,
20220726,150.29891967773438,,,,
20220727,155.44435119628906,,,,
20220728,155.9995574951172,,,,
20220729,161.115234375,,,,
20220801,160.12384033203125,,,,
20220802,158.63671875,,,,
20220803,164.70420837402344,,,,
20220804,164.386962890625,,,,
20220805,164.15859985351562,,,,
20220808,163.68203735351562,,,,
20220809,163.731689453125,,,,
20220810,168.0205535888672,,,,
20220811,167.27597045898438,,,,
20220812,170.85995483398438,,,,
20220815,171.9420928955078,,,,
20220816,171.7832489013672,,,,
20220817,173.29229736328125,,,,
20220818,172.8951873779297,,,,
20220819,170.2841339111328,,,,
20220822,166.3625946044922,,,,
20220823,166.02503967285156,,,,
20220824,166.3228759765625,,,,
20220825,168.8048858642578,,,,
20220826,162.44105529785156,,,,
20220829,160.21722412109375,,,,
20220830,157.7650146484375,,,,
20220831,156.08717346191406,,,,
20220901,156.82183837890625,,,,
20220902,154.6873321533203,,,,
20220906,153.4165496826172,,,,
20220907,154.83627319335938,,,,
20220908,153.34706115722656,,,,
20220909,156.236083984375,,,,
20220912,162.25241088867188,,,,
20220913,152.7315216064453,,,,
20220914,154.19093322753906,,,,
20220915,151.27212524414062,,,,
20220916,149.61415100097656,,,,
20220919,153.36691284179688,,,,
20220920,155.7694854736328,,,,
20220921,152.61239624023438,,,,
20220922,151.63946533203125,,,,
20220923,149.34608459472656,,,,
20220926,149.68365478515625,,,,
20220927,150.66651916503906,,,,
20220928,148.76034545898438,,,,
20220929,141.45338439941406,,,,
20220930,137.2042236328125,,,,
20221003,141.42359924316406,,,,
20221004,145.0472869873047,,,,
20221005,145.34512329101562,,,,
20221006,144.3821258544922,,,,
20221007,139.0806121826172,,,,
20221010,139.40821838378906,,,,
20221011,137.9785919189453,,,,
20221012,137.34320068359375,,,,
20221013,141.959716796875,,,,
20221014,137.3829345703125,,,,
20221017,141.38389587402344,,,,
20221018,142.7142333984375,,,,
20221019,142.82342529296875,,,,
20221020,142.35682678222656,,,,
20221021,146.2088623046875,,,,
20221024,148.37313842773438,,,,
20221025,151.24234008789062,,,,
20221026,148.2738800048828,,,,
20221027,143.7566680908203,,,,
20221028,154.61782836914062,,,,
20221031,152.23512268066406,,,,
20221101,149.56451416015625,,,,
20221102,143.98501586914062,,,,
20221103,137.87933349609375,,,,
20221104,137.61083984375,,,,
20221107,138.14781188964844,,,,
20221108,138.72459411621094,,,,
20221109,134.12033081054688,,,,
20221110,146.0536346435547,,,,
20221111,148.86788940429688,,,,
20221114,147.45578002929688,,,,
20221115,149.2060089111328,,,,
20221116,147.9629364013672,,,,
20221117,149.88221740722656,,,,
20221118,150.4490509033203,,,,
20221121,147.1873016357422,,,,
20221122,149.34521484375,,,,
20221123,150.23028564453125,,,,
20221125,147.2867431640625,,,,
20221128,143.41835021972656,4.61689905002405,24.47158128908129,53.333333333333336,33.17348484848485
20221129,140.3852996826172,3.699299384147598,26.293193164639593,66.66666666666667,38.48571428571429
20221130,147.20718383789062,4.937487674362674,21.866147186147185,57.714285714285715,28.3
20221201,147.4856414794922,4.248198051948052,15.710563672438672,38.5,16.688095238095237
20221202,146.98841857910156,3.3895677008177003,12.608292448292447,31.0,12.15
20221205,145.81497192382812,1.7239290339290334,14.853009652384651,49.333333333333336,16.94607843137255
20221206,142.1156463623047,4.472878787878788,14.41904371091871,38.6,11.730411255411255
20221207,140.15658569335938,5.41071913040663,20.947278496965996,47.0,19.016666666666666
20221208,141.8571014404297,0.8751395330859615,8.930878942486085,30.0,12.738095238095237
20221209,141.36981201171875,2.6395457667332667,8.919654095904095,27.833333333333332,12.894444444444444
20221212,143.68685913085938,2.5727771765271763,7.4220129870129865,19.0,5.314285714285714
20221213,144.6614227294922,3.351367243867243,13.22061147186147,33.0,9.858333333333333
20221214,142.41397094726562,0.7330537518037515,7.71402417027417,24.0,7.85
20221215,135.74127197265625,0.6030759980759979,8.878013468013467,25.0,12.541666666666666
20221216,133.76234436035156,3.065900072150072,14.23249098124098,28.0,9.833333333333334
20221219,131.63421630859375,2.883290494227994,10.22027417027417,27.333333333333332,6.6
20221220,131.5646209716797,2.726064213564213,11.498479437229438,25.5,7.55
20221221,134.69711303710938,2.6836724386724384,10.717640692640693,27.666666666666668,7.583333333333333
20221222,131.4949951171875,3.818895502645502,12.320657166907168,36.5,7.976190476190476
20221223,131.12705993652344,7.695325877825877,13.488429533429533,44.93333333333333,10.694871794871794
20221227,129.30723571777344,1.6431729998396665,10.490407347282346,26.0,10.480952380952381
20221228,125.33941650390624,-0.6579023869648876,13.877327892015392,33.5,17.61904761904762
20221229,128.8895721435547,7.7038726551226535,17.106681096681097,72.0,13.933333333333334
20221230,129.20779418945312,2.8134139009139,11.623214285714285,31.6,10.533333333333333
20230103,124.3748016357422,8.546924452861951,16.49606661856662,78.0,19.333333333333332
20230104,125.65763854980467,7.816966690716689,16.258171596921596,62.333333333333336,17.25
20230105,124.3250732421875,2.0849607683982683,10.733430735930735,31.0,11.266666666666666
20230106,128.89950561523438,1.491558441558441,7.6002681577681575,18.0,3.95
20230109,129.42657470703125,0.3625,1.1,2.0,0.0
20230110,130.0033416748047,-0.1666666666666666,0.4666666666666666,1.0,1.0
20230111,132.74803161621094,2.572136544011544,8.879635642135643,17.0,4.5
20230112,132.66847229003906,4.26792809042809,14.861530784030784,32.0,3.6666666666666665
20230113,134.0109405517578,5.552632575757575,18.2149522005772,39.0,16.75
20230117,135.18438720703125,6.219451659451659,18.654957311207312,42.0,15.472222222222221
20230118,134.4584503173828,4.752207491582491,20.661079846079847,51.0,20.964285714285715
20230119,134.5181121826172,2.6771186353329206,7.600962430426716,16.833333333333332,4.25
20230120,137.10366821289062,1.4243055555555553,9.802936507936508,19.0,9.475
20230123,140.32565307617188,3.5797528860028853,14.07129329004329,34.0,3.833333333333333
20230124,141.73776245117188,2.5545896464646463,5.451224747474747,14.0,1.5
20230125,141.07147216796875,3.8195436507936504,10.915575396825396,25.0,8.016666666666666
20230126,143.15982055664062,1.3161904761904761,2.954047619047619,7.0,1.6666666666666665
20230127,145.11883544921875,2.4945093795093793,9.105395021645021,17.0,7.333333333333333
20230130,142.2051544189453,3.571541005291005,10.44393759018759,29.5,9.25
20230131,143.4879608154297,0.8183874458874458,2.6706367243867244,6.0,0.5
20230201,144.6216278076172,2.8874999999999997,4.283333333333333,14.0,3.833333333333333
20230202,149.98167419433594,8.263362794612794,5.873632154882155,50.333333333333336,7.5
20230203,153.64122009277344,2.212083333333333,5.42375,17.0,4.5
20230206,150.88661193847656,4.922017947330447,12.956679112554113,32.0,9.095238095238095
20230207,153.79037475585938,1.293560606060606,2.7649621212121214,5.0,1.873015873015873
20230208,151.0755615234375,2.854595433501683,10.694400778619528,20.0,5.616666666666667
20230209,150.03138732910156,1.3724873737373735,4.337550505050505,11.0,6.75
20230210,150.39988708496094,3.1002996375317804,9.34214238473167,25.0,5.983333333333333
20230213,153.2284393310547,0.8692261904761905,2.0481547619047618,6.0,1.4
20230214,152.5810546875,0.7719696969696968,3.4742424242424246,8.0,2.75
20230215,154.7024383544922,7.802247474747473,6.499482323232323,61.0,7.15
20230216,153.08900451660156,1.5521464646464644,4.221969696969697,12.0,4.583333333333333
20230217,151.93368530273438,1.6480934343434346,7.865770202020202,21.333333333333332,7.5
20230221,147.880126953125,6.824007936507936,7.398460012210012,38.0,6.0
20230222,148.3083953857422,5.1431583694083685,8.730382395382394,41.5,4.5777777777777775
20230223,148.79641723632812,4.4472288359788354,7.929358465608465,36.333333333333336,3.75
20230224,146.11729431152344,4.520961399711399,7.392765752765753,40.0,4.5
20230227,147.32237243652344,5.06718795093795,10.063818542568542,42.0,8.871212121212121
20230228,146.81443786621094,8.084131794131793,14.607778379028378,62.0,13.333699633699634
20230301,144.72293090820312,3.076444854388036,12.226457054309327,37.5,12.733333333333334
20230302,145.32052612304688,5.018174603174603,16.07970658970659,49.5,13.216666666666667
20230303,150.41983032226562,8.355754939504937,15.222820582195581,67.0,13.80952380952381
20230306,153.20852661132812,5.904417087542087,20.41748587061087,76.0,10.53030303030303
20230307,150.98751831054688,5.677498196248195,7.3582106782106775,32.0,3.4722222222222223
20230308,152.2523956298828,5.781752090502089,9.890409567284568,38.0,5.833333333333333
20230309,149.98159790039062,6.237622655122654,10.179836760461761,48.0,5.583333333333333
20230310,147.90003967285156,3.885182342909615,11.254040048755957,39.0,8.869047619047619
20230313,149.86207580566406,5.947571568863235,7.264086079044412,34.0,3.5
20230314,151.97352600097656,4.694820707070707,8.573373737373737,36.0,5.5
20230315,152.37191772460938,3.024454434454434,13.40144203019203,40.5,11.484920634920634
20230316,155.22035217285156,3.508575637325637,9.671007696007695,35.0,6.333333333333333
20230317,154.373779296875,2.6398277417027414,7.8622375541125535,25.6,4.416666666666666
20230320,156.7640838623047,1.246111111111111,4.520833333333333,14.0,0.5
20230321,158.63650512695312,3.666268037518037,11.200748556998557,37.0,7.199999999999999
20230322,157.19236755371094,4.875399531024531,6.961688311688311,27.77777777777778,3.6515151515151514
20230323,158.2878875732422,4.333970658970658,9.883395863395863,29.0,5.75
20230324,159.60256958007812,3.0804112554112546,2.528354978354978,26.0,1.8333333333333333
20230327,157.64053344726562,5.348415404040403,8.229116161616162,40.333333333333336,6.0
20230328,157.0130615234375,4.668748505983354,11.843000204060809,58.5,13.666666666666666
20230329,160.12046813964844,8.23468849206349,23.210781385281386,67.0,18.166666666666668
20230330,161.7040557861328,6.60644485144485,14.740232776482776,59.0,6.445454545454545
20230331,164.2337646484375,6.311996753246752,12.843892496392495,49.0,9.744047619047619
20230403,165.4986572265625,8.498056758056757,11.62382275132275,57.0,8.5
20230404,164.96084594726562,3.32825998075998,8.907850378787879,36.5,6.847619047619047
20230405,163.098388671875,6.296927008177007,16.87347582972583,62.0,12.583333333333332
20230406,163.99476623535156,4.917860569985569,11.023480519480518,47.333333333333336,8.583333333333334
20230410,161.37539672851562,8.847134038800704,16.31160934744268,63.666666666666664,11.654761904761905
20230411,160.15036010742188,6.008327561327561,9.851710918710918,41.0,5.128571428571428
20230412,159.45318603515625,3.312619047619047,7.727445054945055,29.0,4.933333333333334
20230413,164.89111328125,7.430940656565655,8.911316738816739,61.0,6.833333333333333
20230414,164.54254150390625,6.2344131794131785,13.610621091871092,47.0,9.880952380952381
20230417,164.5624542236328,7.577270622895622,12.802488275613275,64.6,7.184523809523809
20230418,165.79745483398438,3.778017316017315,11.147236111111111,33.333333333333336,7.766666666666667
20230419,166.95277404785156,3.129220779220779,5.232835497835498,25.0,3.4166666666666665
20230420,165.97669982910156,6.160087782587782,8.02410654160654,47.5,4.0
20230421,164.3533172607422,3.434789562289562,5.6263973063973065,37.666666666666664,4.166666666666666
20230424,164.6620635986328,5.02169733044733,9.79832760376878,38.733333333333334,5.933333333333334
20230425,163.1083526611328,3.597782186948853,6.165842151675485,32.0,3.966666666666667
20230426,163.098388671875,6.505418192918191,8.351743010076344,45.5,6.26010101010101
20230427,167.72962951660156,5.098554292929292,6.89013468013468,44.333333333333336,7.266666666666667
20230428,168.99447631835938,4.31296176046176,11.648160173160173,35.333333333333336,7.883333333333333
20230501,168.90484619140625,0.575,1.12,4.0,0.0
20230502,167.85906982421875,10.29254329004329,15.425838744588745,61.0,10.833333333333334
20230503,166.77346801757812,6.956081048581048,15.888594276094276,62.0,14.706349206349206
20230504,165.12017822265625,8.474101117467187,27.01253076255755,99.0,23.704761904761906
20230505,172.8687744140625,15.139987373737371,29.369940776815774,110.33333333333333,24.362121212121213
20230508,172.79904174804688,7.86320226070226,17.515515572390573,49.0,11.081562881562881
20230509,171.07603454589844,7.175872615039281,8.155861391694724,48.666666666666664,3.2666666666666666
20230510,172.8588104248047,6.735597041847041,14.783928571428572,50.0,11.883333333333333
20230511,173.0480194091797,4.527132635882635,12.268943001443,37.0,5.816666666666666
20230512,172.1105499267578,5.480792448292448,10.250989658489658,39.333333333333336,7.095238095238095
20230515,171.61187744140625,6.823486802549302,10.968379178691679,49.5,6.883333333333333
20230516,171.61187744140625,6.088433742183742,14.01914479039479,44.333333333333336,6.5
20230517,172.230224609375,5.593485449735449,18.068256974506973,38.333333333333336,11.066666666666666
20230518,174.5839385986328,7.720892255892254,10.338914141414142,51.0,3.9642857142857144
20230519,174.6936492919922,7.837109591346603,15.449931428600259,63.0,7.411904761904761
20230522,173.73619079589844,10.292506643819143,17.254181968494468,66.0,9.6
20230523,171.1032257080078,13.280885040885039,19.99941798941799,87.0,12.783333333333333
20230524,171.38247680664062,7.31359668109668,7.753629148629148,60.0,8.966666666666667
20230525,172.5294189453125,6.442146164021163,9.9925958994709,47.0,6.75
20230526,174.96290588378906,5.2380074555074545,11.21727904040404,44.0,7.316666666666666
20230530,176.82794189453125,7.233038756878041,15.836691978656264,53.0,7.976190476190476
20230531,176.77806091308594,4.861760762385762,12.4832215007215,41.0,9.566666666666666
20230601,179.61050415039062,11.042426046176045,20.562236652236653,72.5,9.93452380952381
20230602,180.4682159423828,10.14872988387274,15.384547572797572,74.0,8.785714285714285
20230605,179.10186767578125,12.423351671476668,29.173064574314573,115.5,16.433333333333334
20230606,178.73284912109375,5.173472222222221,10.864722222222222,26.0,5.25
20230607,177.3465576171875,10.44759187109187,16.073439874939876,75.33333333333333,11.483333333333333
20230608,180.0892333984375,7.10169793169793,17.030113936988936,58.666666666666664,15.094444444444445
20230609,180.4781951904297,8.667883110554161,13.347658078276499,61.5,5.214285714285714
20230612,183.30064392089844,4.572582972582972,8.018707681207681,40.0,4.833333333333333
20230613,182.8219451904297,13.569399631753527,16.671102052709195,80.0,9.166666666666666
20230614,183.46023559570312,6.822093554593553,11.603629148629148,59.0,3.9166666666666665
20230615,185.5147399902344,3.5362543290043282,11.724681818181818,39.5,3.6833333333333336
20230616,184.4276428222656,3.7457215007215,8.00974025974026,42.0,4.416666666666666
20230620,184.5174102783203,6.76253427128427,10.641246392496392,56.0,5.333333333333333
20230621,183.47021484375,8.110949224386724,10.74454365079365,50.0,3.5
20230622,186.5021209716797,7.570541125541125,12.519693362193362,57.0,8.952380952380953
20230623,186.18295288085935,6.781745885728028,16.695959312512883,55.0,11.314285714285715
20230626,184.7767333984375,5.333040094825808,10.156711502782931,41.0,6.333333333333333
20230627,187.5592803955078,7.131311512561512,10.933692696192695,52.333333333333336,5.833333333333333
20230628,188.74612426757807,5.604623015873015,14.289325396825397,53.333333333333336,16.07857142857143
20230629,189.085205078125,9.208469926538108,10.774276859504132,74.0,8.883333333333333
20230630,193.4535675048828,11.389167842739269,15.63673456834171,97.83333333333333,9.591269841269842
20230703,191.9475860595703,9.795019111780475,24.41107674942902,78.0,19.120238095238093
20230705,190.82058715820312,5.563740079365078,8.604645562770562,50.333333333333336,4.476190476190476
20230706,191.2993011474609,6.385681216931216,13.516147186147185,48.0,11.166666666666666
20230707,190.17230224609372,6.516087752525252,11.875370129870129,49.0,8.29642857142857
20230710,188.1078338623047,4.014313371813371,14.207544492544493,35.333333333333336,5.583333333333333
20230711,187.57925415039065,12.687053551907447,20.12594743760328,78.66666666666667,8.675
20230712,189.2647399902344,6.262910095856523,8.823814548546691,44.0,2.595238095238095
20230713,190.0326690673828,6.067162698412697,8.243353174603174,49.5,3.3
20230714,190.18228149414065,6.680117660117659,11.901641552891553,52.0,10.0
20230717,193.4735107421875,9.662797619047618,13.11297619047619,62.5,3.833333333333333
20230718,193.2141876220703,7.893395863395862,16.31844666907167,66.0,10.116666666666667
20230719,194.5805511474609,9.428049543049541,14.515040885040884,74.0,8.583333333333334
20230720,192.6157989501953,9.065834776334775,24.925585192585192,73.83333333333333,15.828205128205129
20230721,191.4289703369141,9.090862193362192,12.40329365079365,55.333333333333336,8.033333333333333
20230724,192.2368011474609,3.657654822029822,7.202046657046656,28.0,5.9
20230725,193.1044921875,4.950946067821067,5.981897546897547,30.0,3.0666666666666664
20230726,193.98214721679688,3.6319444444444438,3.6944444444444446,32.0,3.6666666666666665
20230727,192.7055511474609,6.566753397065896,24.686246693121692,63.0,12.366666666666667
20230728,195.30860900878903,5.856543179043178,14.145857475857476,65.0,12.566666666666666
20230731,195.9269561767578,10.12718418155918,18.958027366152365,83.0,17.731349206349208
20230801,195.0891876220703,0.6666666666666664,1.6166666666666667,5.0,0.0
20230802,192.06724548339844,6.509019660894659,8.902981601731602,56.0,11.8
20230803,190.6610107421875,7.2063047138047125,12.102390572390572,65.0,10.761904761904761
20230804,181.5054626464844,12.004560485810483,21.06588053150553,98.0,13.866666666666667
20230807,178.37380981445312,10.103476430976428,12.728969456469455,76.33333333333333,11.983333333333333
20230808,179.32127380371094,9.781079536865251,17.827128822235967,58.333333333333336,10.433333333333334
20230809,177.71556091308594,9.319688552188552,20.975012025012024,69.33333333333333,11.0
20230810,177.49615478515625,7.019555074555074,14.601384766027623,51.0,10.928571428571429
20230811,177.5560760498047,7.189199134199133,7.612621452621452,52.0,4.0
20230814,179.22389221191406,6.178892149517148,6.568929910901065,41.0,4.859523809523809
20230815,177.21652221679688,8.450032317219815,13.49967367123617,63.5,5.791666666666667
20230816,176.3376922607422,3.272283249158249,5.440890151515151,23.0,3.25
20230817,173.7710723876953,7.757414021164021,11.939166666666667,58.0,4.283333333333333
20230818,174.2604217529297,7.366513585921052,15.217234676698961,45.0,5.8
20230821,175.608642578125,6.772936297108374,14.47410690860366,48.0,7.140476190476191
20230822,176.99681091308594,7.42667160551089,10.779202569916855,41.333333333333336,6.716666666666667
20230823,180.88169860839844,2.4115079365079364,4.859384920634921,18.0,3.7333333333333334
20230824,176.14793395996094,7.663834776334776,10.444433621933623,54.166666666666664,9.5
20230825,178.375,5.535281385281384,8.021347402597403,31.5,2.0666666666666664
20230828,179.9529266357422,6.957599256453422,13.922915263748596,46.333333333333336,7.6
20230829,183.87774658203125,2.3255050505050505,4.274765512265512,13.0,2.6666666666666665
20230830,187.40310668945312,7.799939299016679,20.19729935518626,74.0,21.464285714285715
20230831,187.6228179931641,7.424888038548752,14.825231137909709,58.0,8.752380952380953
20230901,189.2107391357422,6.334610389610388,5.404217171717171,46.0,0.0
20230905,189.45040893554688,2.9558417508417505,5.482466329966329,29.0,9.5
20230906,182.6693420410156,6.953602092352091,15.068998917748917,50.0,12.916666666666666
20230907,177.32638549804688,5.419044922529769,10.262237818298424,48.0,6.416666666666666
20230908,177.945556640625,10.276926406926405,22.467098526473524,80.5,14.972619047619048
20230911,179.12400817871094,3.7865530303030295,1.653219696969697,24.0,2.5
20230912,176.0680389404297,16.687795815295814,30.7744246031746,122.5,29.65
20230913,173.9807891845703,10.724184704184703,27.94336038961039,89.5,24.9
20230914,175.5087890625,10.188710317460316,9.721084956709957,73.0,4.65
20230915,174.77972412109375,11.466873264572126,21.248275025689797,78.0,14.408333333333333
20230918,177.73583984375,4.803508898508897,6.0408658008658005,38.0,5.8238095238095235
20230919,178.8343963623047,8.89078358804495,19.451601354453626,59.5,12.633333333333333
20230920,175.2591094970703,8.47869687521473,7.503657278567992,68.5,7.228571428571429
20230921,173.70115661621094,6.082381854256853,8.915452741702742,55.5,4.083333333333333
20230922,174.5600128173828,9.363459037655465,17.494963194873907,67.0,15.641937229437229
20230925,175.84832763671875,8.344007034632034,11.030615981240981,68.0,7.516666666666667
20230926,171.73374938964844,8.34918831168831,11.269571308321309,51.0,5.85
20230927,170.20574951171875,5.9431611023656465,8.483868337050154,58.0,6.1190476190476195
20230928,170.46542358398438,9.101352413019079,12.283637365720699,55.0,8.452747252747253
20230929,170.9847412109375,7.979974189170616,11.29759731670446,60.333333333333336,11.351343101343101
20231002,173.52139282226562,7.351352997121713,14.397963033698327,61.0,13.15
20231003,172.1731719970703,4.555563973063972,7.306355218855218,52.0,8.136363636363637
20231004,173.4315185546875,11.516867650447194,13.116488631318177,87.0,11.428571428571429
20231005,174.67987060546875,6.334503968253967,9.61705808080808,47.0,6.973809523809524
20231006,177.25648498535156,9.516878249065748,10.113126503126503,53.0,3.4761904761904763
20231009,178.75450134277344,5.973342592592591,9.809898148148148,54.0,7.513888888888888
20231010,178.15528869628906,9.021849446849446,9.01883237133237,54.0,3.6666666666666665
20231011,179.5634307861328,7.463215788840788,14.543011248011247,50.1,9.433333333333334
20231012,180.4722442626953,6.824869227994227,9.766332972582973,56.0,11.938095238095238
20231013,178.61468505859375,6.2612169312169295,8.65518278018278,46.0,5.222222222222222
20231016,178.48486328125,10.13646224146224,18.673890091390092,75.0,11.133333333333333
20231017,176.9169158935547,8.890620301656014,10.983224008795437,56.0,10.94047619047619
20231018,175.608642578125,5.219641998213426,10.151030028172885,50.0,9.916666666666666
20231019,175.22915649414062,4.985465367965367,2.335836940836941,37.0,0.0
20231020,172.6525421142578,6.903342352092351,10.3665867003367,52.0,6.833333333333333
20231023,172.7723846435547,10.894219061361918,15.913008486222772,74.83333333333333,16.297619047619047
20231024,173.21180725097656,4.758134365634365,6.286852036852037,29.0,3.5416666666666665
20231025,170.87489318847656,9.45767857142857,20.570508658008656,68.0,10.65
20231026,166.67042541503906,7.087659932659932,6.631026936026936,49.0,3.333333333333333
20231027,167.99867248535156,8.184065268746004,19.689079458325264,72.1,17.55
20231030,170.06593322753906,10.062174963924962,17.173295514670514,81.33333333333333,15.833549783549783
20231031,170.54531860351562,11.405302729677729,28.977055074555075,88.0,26.038888888888888
20231101,173.74110412597656,6.6744156937338746,14.908076162053435,41.333333333333336,7.191666666666666
20231102,177.3363800048828,3.208333333333333,1.4016666666666666,18.0,0.5
20231103,176.41757202148438,8.68159632034632,16.84599567099567,77.33333333333333,11.297619047619047
20231106,178.9941864013672,10.042111660435523,15.610951028138528,71.0,14.863095238095237
20231107,181.58078002929688,9.739431216931216,12.64974567099567,76.0,6.9
20231108,182.6493682861328,9.044540043290041,10.822256493506494,63.0,4.866666666666666
20231109,182.1699981689453,9.992738696488695,17.873386844636844,75.66666666666667,14.099267399267399
20231110,186.3999938964844,9.474171176046173,12.703024891774891,72.0,5.45
20231113,184.8000030517578,2.1669408369408365,5.452685185185185,14.0,1.3333333333333333
20231114,187.44000244140625,7.487449494949494,8.817463924963924,63.0,7.933333333333334
20231115,188.00999450683597,11.365281385281383,18.788042929292928,71.66666666666667,13.033333333333333
20231116,189.7100067138672,9.568131100925218,16.79756196417961,68.0,9.102380952380953
20231117,189.69000244140625,0.0,0.0,0.0,0.0
20231120,191.4499969482422,4.472877733377732,13.764791541791542,40.666666666666664,7.916666666666667
20231121,190.63999938964844,0.0,0.0,0.0,0.0
